recapture_row_id,trial_id,sample_date,sample_time,station_code,flows
{00000006-0000-0000-0000000000000000},19,1999-06-12,09:44:00.000000,Gate 1,10223
{00000007-0000-0000-0000000000000000},20,1999-06-17,09:02:00.000000,Gate 1,10744
{00000008-0000-0000-0000000000000000},21,1999-06-19,08:57:00.000000,Gate 1,11256
{00000009-0000-0000-0000000000000000},23,1999-06-26,08:34:00.000000,Gate 1,12301
{0000000A-0000-0000-0000000000000000},23,1999-06-28,09:21:00.000000,Gate 1,12891
{0000000B-0000-0000-0000000000000000},25,1999-07-05,09:21:00.000000,Gate 1,11994
{0000000C-0000-0000-0000000000000000},26,1999-07-16,09:00:00.000000,Gate 1,12352
{0000000D-0000-0000-0000000000000000},27,1999-07-22,08:51:00.000000,Gate 1,12385
{0000000E-0000-0000-0000000000000000},28,1999-07-26,08:50:00.000000,Gate 1,12184
{0000000F-0000-0000-0000000000000000},29,1999-07-31,09:19:00.000000,Gate 1,11886
{00000011-0000-0000-0000000000000000},29,1999-08-01,09:06:00.000000,Gate 1,12038
{00000012-0000-0000-0000000000000000},30,1999-08-04,08:50:00.000000,Gate 1,11514
{00000013-0000-0000-0000000000000000},31,1999-08-07,08:05:00.000000,Gate 1,9717
{00000014-0000-0000-0000000000000000},32,1999-08-12,09:23:00.000000,Gate 1,9174
{00000015-0000-0000-0000000000000000},32,1999-08-12,09:23:00.000000,Gate 1,9174
{00000016-0000-0000-0000000000000000},33,1999-08-17,09:33:00.000000,Gate 1,8341
{00000017-0000-0000-0000000000000000},203,1998-03-31,13:05:00.000000,Gate 10,36293
{00000018-0000-0000-0000000000000000},204,1998-04-14,19:44:00.000000,Gate 10,14612
{0000001A-0000-0000-0000000000000000},205,1998-04-21,09:01:00.000000,Gate 10,14946
{0000001B-0000-0000-0000000000000000},205,1998-04-22,09:16:00.000000,Gate 10,14944
{0000001C-0000-0000-0000000000000000},206,1998-04-28,08:53:00.000000,Gate 10,14216
{0000001D-0000-0000-0000000000000000},18,1999-06-09,06:19:00.000000,Gate 10,10683
{0000001E-0000-0000-0000000000000000},20,1999-06-17,08:46:00.000000,Gate 10,10744
{0000001F-0000-0000-0000000000000000},20,1999-06-18,08:48:00.000000,Gate 10,10805
{00000020-0000-0000-0000000000000000},21,1999-06-19,08:46:00.000000,Gate 10,11256
{00000021-0000-0000-0000000000000000},21,1999-06-20,08:28:00.000000,Gate 10,11397
{00000022-0000-0000-0000000000000000},22,1999-06-23,06:00:00.000000,Gate 10,11676
{00000023-0000-0000-0000000000000000},22,1999-06-23,20:30:00.000000,Gate 10,11676
{00000024-0000-0000-0000000000000000},23,1999-06-26,08:20:00.000000,Gate 10,12301
{00000025-0000-0000-0000000000000000},23,1999-06-27,08:28:00.000000,Gate 10,12312
{00000026-0000-0000-0000000000000000},24,1999-06-30,05:56:00.000000,Gate 10,12922
{00000027-0000-0000-0000000000000000},24,1999-07-02,08:43:00.000000,Gate 10,12068
{00000028-0000-0000-0000000000000000},25,1999-07-05,08:58:00.000000,Gate 10,11994
{00000029-0000-0000-0000000000000000},26,1999-07-16,08:43:00.000000,Gate 10,12352
{0000002A-0000-0000-0000000000000000},27,1999-07-22,08:40:00.000000,Gate 10,12385
{0000002B-0000-0000-0000000000000000},27,1999-07-24,08:49:00.000000,Gate 10,13094
{0000002C-0000-0000-0000000000000000},28,1999-07-26,08:33:00.000000,Gate 10,12184
{0000002D-0000-0000-0000000000000000},28,1999-07-27,08:53:00.000000,Gate 10,11838
{0000002E-0000-0000-0000000000000000},29,1999-07-31,09:05:00.000000,Gate 10,11886
{0000002F-0000-0000-0000000000000000},30,1999-08-04,08:43:00.000000,Gate 10,11514
{00000030-0000-0000-0000000000000000},31,1999-08-07,07:45:00.000000,Gate 10,9717
{00000031-0000-0000-0000000000000000},31,1999-08-08,08:37:00.000000,Gate 10,9631
{00000032-0000-0000-0000000000000000},32,1999-08-12,09:09:00.000000,Gate 10,9174
{00000033-0000-0000-0000000000000000},216,2000-03-25,08:54:00.000000,Gate 10,11705
{00000034-0000-0000-0000000000000000},216,2000-03-27,18:45:00.000000,Gate 10,10456
{00000035-0000-0000-0000000000000000},218,2000-03-28,18:36:00.000000,Gate 10,9997
{00000036-0000-0000-0000000000000000},218,2000-03-29,06:45:00.000000,Gate 10,10054
{00000037-0000-0000-0000000000000000},219,2000-03-29,06:45:00.000000,Gate 10,10054
{00000038-0000-0000-0000000000000000},218,2000-03-30,05:59:00.000000,Gate 10,9801
{00000039-0000-0000-0000000000000000},201,1998-03-10,09:05:00.000000,Gate 11,22039
{0000003A-0000-0000-0000000000000000},202,1998-03-17,06:32:00.000000,Gate 11,14274
{0000003B-0000-0000-0000000000000000},207,1998-05-06,09:04:00.000000,Gate 11,15958
{0000003C-0000-0000-0000000000000000},301,1998-05-08,08:58:00.000000,Gate 11,14514
{0000003D-0000-0000-0000000000000000},5,1998-12-17,08:26:00.000000,Gate 11,17500
{0000003E-0000-0000-0000000000000000},6,1998-12-21,09:00:00.000000,Gate 11,12978
{0000003F-0000-0000-0000000000000000},8,1999-01-05,09:28:00.000000,Gate 11,7612
{00000040-0000-0000-0000000000000000},9,1999-01-09,09:14:00.000000,Gate 11,7546
{00000041-0000-0000-0000000000000000},10,1999-01-13,09:16:00.000000,Gate 11,7500
{00000042-0000-0000-0000000000000000},11,1999-01-28,09:10:00.000000,Gate 11,15364
{00000043-0000-0000-0000000000000000},11,1999-01-29,09:13:00.000000,Gate 11,15505
{00000044-0000-0000-0000000000000000},12,1999-02-02,07:43:00.000000,Gate 11,9980
{00000045-0000-0000-0000000000000000},12,1999-02-03,07:45:00.000000,Gate 11,10035
{00000046-0000-0000-0000000000000000},208,1999-04-06,09:13:00.000000,Gate 11,10540
{00000047-0000-0000-0000000000000000},14,1999-04-11,09:14:00.000000,Gate 11,14215
{00000048-0000-0000-0000000000000000},302,1999-04-26,09:38:00.000000,Gate 11,11593
{00000049-0000-0000-0000000000000000},16,1999-05-12,09:18:00.000000,Gate 11,12981
{0000004A-0000-0000-0000000000000000},17,1999-05-12,09:18:00.000000,Gate 11,12981
{0000004B-0000-0000-0000000000000000},18,1999-06-09,06:30:00.000000,Gate 11,10683
{0000004C-0000-0000-0000000000000000},19,1999-06-12,09:18:00.000000,Gate 11,10223
{0000004D-0000-0000-0000000000000000},20,1999-06-17,08:38:00.000000,Gate 11,10744
{0000004E-0000-0000-0000000000000000},20,1999-06-18,08:37:00.000000,Gate 11,10805
{0000004F-0000-0000-0000000000000000},21,1999-06-19,08:40:00.000000,Gate 11,11256
{00000050-0000-0000-0000000000000000},22,1999-06-23,05:54:00.000000,Gate 11,11676
{00000051-0000-0000-0000000000000000},22,1999-06-25,08:28:00.000000,Gate 11,12324
{00000052-0000-0000-0000000000000000},23,1999-06-26,08:15:00.000000,Gate 11,12301
{00000053-0000-0000-0000000000000000},24,1999-06-30,06:01:00.000000,Gate 11,12922
{00000054-0000-0000-0000000000000000},25,1999-07-05,08:53:00.000000,Gate 11,11994
{00000055-0000-0000-0000000000000000},26,1999-07-16,08:38:00.000000,Gate 11,12352
{00000056-0000-0000-0000000000000000},27,1999-07-22,08:36:00.000000,Gate 11,12385
{00000057-0000-0000-0000000000000000},27,1999-07-23,08:27:00.000000,Gate 11,12156
{00000058-0000-0000-0000000000000000},28,1999-07-26,08:28:00.000000,Gate 11,12184
{00000059-0000-0000-0000000000000000},29,1999-07-31,08:50:00.000000,Gate 11,11886
{0000005A-0000-0000-0000000000000000},30,1999-08-04,08:34:00.000000,Gate 11,11514
{0000005B-0000-0000-0000000000000000},30,1999-08-05,08:57:00.000000,Gate 11,10963
{0000005C-0000-0000-0000000000000000},31,1999-08-07,07:38:00.000000,Gate 11,9717
{0000005D-0000-0000-0000000000000000},31,1999-08-10,08:35:00.000000,Gate 11,9704
{0000005E-0000-0000-0000000000000000},32,1999-08-12,08:49:00.000000,Gate 11,9174
{0000005F-0000-0000-0000000000000000},32,1999-08-14,08:42:00.000000,Gate 11,8695
{00000060-0000-0000-0000000000000000},33,1999-08-17,08:36:00.000000,Gate 11,8341
{00000061-0000-0000-0000000000000000},33,1999-08-17,08:41:00.000000,Gate 11,8341
{00000062-0000-0000-0000000000000000},216,2000-03-22,18:35:00.000000,Gate 11,13082
{00000063-0000-0000-0000000000000000},216,2000-03-23,06:31:00.000000,Gate 11,13876
{00000064-0000-0000-0000000000000000},217,2000-03-23,06:31:00.000000,Gate 11,13876
{00000065-0000-0000-0000000000000000},217,2000-03-23,18:30:00.000000,Gate 11,13876
{00000066-0000-0000-0000000000000000},218,2000-03-28,18:42:00.000000,Gate 11,9997
{00000067-0000-0000-0000000000000000},218,2000-03-29,06:49:00.000000,Gate 11,10054
{00000068-0000-0000-0000000000000000},219,2000-03-29,06:49:00.000000,Gate 11,10054
{00000069-0000-0000-0000000000000000},219,2000-04-02,09:21:00.000000,Gate 11,8958
{0000006A-0000-0000-0000000000000000},201,1998-03-10,09:25:00.000000,Gate 2,22039
{0000006B-0000-0000-0000000000000000},202,1998-03-17,06:50:00.000000,Gate 2,14274
{0000006C-0000-0000-0000000000000000},202,1998-03-17,18:18:00.000000,Gate 2,14274
{0000006E-0000-0000-0000000000000000},205,1998-04-21,08:51:00.000000,Gate 2,14946
{0000006F-0000-0000-0000000000000000},205,1998-04-22,09:01:00.000000,Gate 2,14944
{00000070-0000-0000-0000000000000000},206,1998-04-28,09:15:00.000000,Gate 2,14216
{00000071-0000-0000-0000000000000000},206,1998-04-29,09:09:00.000000,Gate 2,14254
{00000072-0000-0000-0000000000000000},301,1998-05-08,09:13:00.000000,Gate 2,14514
{00000073-0000-0000-0000000000000000},5,1998-12-17,07:46:00.000000,Gate 2,17500
{00000074-0000-0000-0000000000000000},6,1998-12-21,08:41:00.000000,Gate 2,12978
{00000075-0000-0000-0000000000000000},7,1998-12-29,08:51:00.000000,Gate 2,8934
{00000076-0000-0000-0000000000000000},8,1999-01-05,09:32:00.000000,Gate 2,7612
{00000077-0000-0000-0000000000000000},8,1999-01-06,09:44:00.000000,Gate 2,7607
{00000078-0000-0000-0000000000000000},8,1999-01-07,08:57:00.000000,Gate 2,7611
{00000079-0000-0000-0000000000000000},9,1999-01-09,08:41:00.000000,Gate 2,7546
{0000007A-0000-0000-0000000000000000},9,1999-01-10,08:43:00.000000,Gate 2,7402
{0000007B-0000-0000-0000000000000000},10,1999-01-13,09:26:00.000000,Gate 2,7500
{0000007C-0000-0000-0000000000000000},10,1999-01-13,09:26:00.000000,Gate 2,7500
{0000007D-0000-0000-0000000000000000},10,1999-01-14,08:56:00.000000,Gate 2,7499
{0000007E-0000-0000-0000000000000000},11,1999-01-28,08:46:00.000000,Gate 2,15364
{0000007F-0000-0000-0000000000000000},12,1999-02-02,07:25:00.000000,Gate 2,9980
{00000080-0000-0000-0000000000000000},12,1999-02-02,07:25:00.000000,Gate 2,9980
{00000081-0000-0000-0000000000000000},12,1999-02-03,07:26:00.000000,Gate 2,10035
{00000082-0000-0000-0000000000000000},13,1999-03-24,05:58:00.000000,Gate 2,11242
{00000083-0000-0000-0000000000000000},208,1999-04-06,08:42:00.000000,Gate 2,10540
{00000084-0000-0000-0000000000000000},208,1999-04-08,08:52:00.000000,Gate 2,9417
{00000085-0000-0000-0000000000000000},14,1999-04-11,08:42:00.000000,Gate 2,14215
{00000086-0000-0000-0000000000000000},302,1999-04-26,09:04:00.000000,Gate 2,11593
{00000087-0000-0000-0000000000000000},303,1999-05-04,09:32:00.000000,Gate 2,12768
{00000088-0000-0000-0000000000000000},304,1999-05-05,09:36:00.000000,Gate 2,12463
{00000089-0000-0000-0000000000000000},15,1999-05-11,19:45:00.000000,Gate 2,12952
{0000008A-0000-0000-0000000000000000},16,1999-05-12,08:45:00.000000,Gate 2,12981
{0000008B-0000-0000-0000000000000000},15,1999-05-14,08:51:00.000000,Gate 2,12950
{0000008C-0000-0000-0000000000000000},211,1999-10-27,08:50:00.000000,Gate 2,7090
{0000008D-0000-0000-0000000000000000},212,1999-10-27,08:50:00.000000,Gate 2,7090
{0000008E-0000-0000-0000000000000000},212,1999-10-28,08:45:00.000000,Gate 2,7066
{0000008F-0000-0000-0000000000000000},34,1999-12-22,09:58:00.000000,Gate 2,6931
{00000090-0000-0000-0000000000000000},34,1999-12-23,08:18:00.000000,Gate 2,6952
{00000091-0000-0000-0000000000000000},35,1999-12-29,09:34:00.000000,Gate 2,6756
{00000092-0000-0000-0000000000000000},35,1999-12-30,09:06:00.000000,Gate 2,6775
{00000093-0000-0000-0000000000000000},36,2000-01-03,09:27:00.000000,Gate 2,6473
{00000094-0000-0000-0000000000000000},36,2000-01-04,07:53:00.000000,Gate 2,6424
{00000095-0000-0000-0000000000000000},215,2000-01-09,09:25:00.000000,Gate 2,6021
{00000096-0000-0000-0000000000000000},216,2000-03-22,18:27:00.000000,Gate 2,13082
{00000097-0000-0000-0000000000000000},216,2000-03-23,06:09:00.000000,Gate 2,13876
{00000098-0000-0000-0000000000000000},217,2000-03-23,06:09:00.000000,Gate 2,13876
{00000099-0000-0000-0000000000000000},217,2000-03-23,18:21:00.000000,Gate 2,13876
{0000009A-0000-0000-0000000000000000},218,2000-03-28,18:21:00.000000,Gate 2,9997
{0000009B-0000-0000-0000000000000000},218,2000-03-29,06:32:00.000000,Gate 2,10054
{0000009C-0000-0000-0000000000000000},219,2000-03-29,06:32:00.000000,Gate 2,10054
{0000009D-0000-0000-0000000000000000},219,2000-03-29,18:22:00.000000,Gate 2,10054
{0000009E-0000-0000-0000000000000000},218,2000-03-30,05:49:00.000000,Gate 2,9801
{0000009F-0000-0000-0000000000000000},219,2000-03-30,05:49:00.000000,Gate 2,9801
{000000A0-0000-0000-0000000000000000},219,2000-04-01,08:26:00.000000,Gate 2,9832
{000000A1-0000-0000-0000000000000000},202,1998-03-17,06:44:00.000000,Gate 3,14274
{000000A2-0000-0000-0000000000000000},203,1998-03-31,13:14:00.000000,Gate 3,36293
{000000A3-0000-0000-0000000000000000},204,1998-04-14,07:03:00.000000,Gate 3,14612
{000000A5-0000-0000-0000000000000000},205,1998-04-21,09:00:00.000000,Gate 3,14946
{000000A6-0000-0000-0000000000000000},206,1998-04-28,09:08:00.000000,Gate 3,14216
{000000A7-0000-0000-0000000000000000},207,1998-05-06,09:31:00.000000,Gate 3,15958
{000000A8-0000-0000-0000000000000000},301,1998-05-08,09:11:00.000000,Gate 3,14514
{000000A9-0000-0000-0000000000000000},3,1998-08-11,06:20:00.000000,Gate 3,14959
{000000AA-0000-0000-0000000000000000},18,1999-06-09,06:06:00.000000,Gate 3,10683
{000000AB-0000-0000-0000000000000000},19,1999-06-12,09:35:00.000000,Gate 3,10223
{000000AC-0000-0000-0000000000000000},20,1999-06-17,08:55:00.000000,Gate 3,10744
{000000AD-0000-0000-0000000000000000},21,1999-06-19,08:52:00.000000,Gate 3,11256
{000000AE-0000-0000-0000000000000000},22,1999-06-23,06:05:00.000000,Gate 3,11676
{000000AF-0000-0000-0000000000000000},22,1999-06-25,08:25:00.000000,Gate 3,12324
{000000B0-0000-0000-0000000000000000},25,1999-07-05,09:08:00.000000,Gate 3,11994
{000000B1-0000-0000-0000000000000000},25,1999-07-08,06:01:00.000000,Gate 3,12057
{000000B2-0000-0000-0000000000000000},26,1999-07-18,09:18:00.000000,Gate 3,12567
{000000B3-0000-0000-0000000000000000},27,1999-07-22,08:46:00.000000,Gate 3,12385
{000000B4-0000-0000-0000000000000000},28,1999-07-26,08:44:00.000000,Gate 3,12184
{000000B5-0000-0000-0000000000000000},29,1999-07-31,09:12:00.000000,Gate 3,11886
{000000B6-0000-0000-0000000000000000},29,1999-08-02,08:56:00.000000,Gate 3,11538
{000000B7-0000-0000-0000000000000000},30,1999-08-04,08:40:00.000000,Gate 3,11514
{000000B8-0000-0000-0000000000000000},31,1999-08-07,07:54:00.000000,Gate 3,9717
{000000B9-0000-0000-0000000000000000},32,1999-08-12,09:17:00.000000,Gate 3,9174
{000000BA-0000-0000-0000000000000000},33,1999-08-17,09:17:00.000000,Gate 3,8341
{000000BB-0000-0000-0000000000000000},201,1998-03-10,09:18:00.000000,Gate 4,22039
{000000BC-0000-0000-0000000000000000},5,1998-12-17,08:06:00.000000,Gate 4,17500
{000000BD-0000-0000-0000000000000000},6,1998-12-21,08:49:00.000000,Gate 4,12978
{000000BE-0000-0000-0000000000000000},7,1998-12-29,08:59:00.000000,Gate 4,8934
{000000BF-0000-0000-0000000000000000},7,1998-12-30,08:52:00.000000,Gate 4,8933
{000000C0-0000-0000-0000000000000000},8,1999-01-05,09:46:00.000000,Gate 4,7612
{000000C1-0000-0000-0000000000000000},8,1999-01-06,09:31:00.000000,Gate 4,7607
{000000C2-0000-0000-0000000000000000},8,1999-01-07,09:08:00.000000,Gate 4,7611
{000000C3-0000-0000-0000000000000000},8,1999-01-08,09:00:00.000000,Gate 4,7600
{000000C4-0000-0000-0000000000000000},9,1999-01-09,08:53:00.000000,Gate 4,7546
{000000C5-0000-0000-0000000000000000},9,1999-01-10,08:55:00.000000,Gate 4,7402
{000000C6-0000-0000-0000000000000000},10,1999-01-13,09:38:00.000000,Gate 4,7500
{000000C7-0000-0000-0000000000000000},10,1999-01-14,08:44:00.000000,Gate 4,7499
{000000C8-0000-0000-0000000000000000},11,1999-01-28,08:54:00.000000,Gate 4,15364
{000000C9-0000-0000-0000000000000000},12,1999-02-02,07:31:00.000000,Gate 4,9980
{000000CA-0000-0000-0000000000000000},13,1999-03-24,06:03:00.000000,Gate 4,11242
{000000CB-0000-0000-0000000000000000},208,1999-04-06,08:54:00.000000,Gate 4,10540
{000000CC-0000-0000-0000000000000000},208,1999-04-07,08:56:00.000000,Gate 4,10122
{000000CD-0000-0000-0000000000000000},14,1999-04-11,08:59:00.000000,Gate 4,14215
{000000CE-0000-0000-0000000000000000},302,1999-04-26,09:22:00.000000,Gate 4,11593
{000000CF-0000-0000-0000000000000000},302,1999-04-26,09:33:00.000000,Gate 4,11593
{000000D0-0000-0000-0000000000000000},303,1999-05-04,09:56:00.000000,Gate 4,12768
{000000D1-0000-0000-0000000000000000},304,1999-05-05,09:50:00.000000,Gate 4,12463
{000000D2-0000-0000-0000000000000000},15,1999-05-11,19:45:00.000000,Gate 4,12952
{000000D3-0000-0000-0000000000000000},16,1999-05-12,08:57:00.000000,Gate 4,12981
{000000D4-0000-0000-0000000000000000},17,1999-05-12,08:57:00.000000,Gate 4,12981
{000000D5-0000-0000-0000000000000000},217,2000-03-26,09:02:00.000000,Gate 4,10690
{000000D6-0000-0000-0000000000000000},218,2000-03-28,18:28:00.000000,Gate 4,9997
{000000D7-0000-0000-0000000000000000},218,2000-03-29,06:39:00.000000,Gate 4,10054
{000000D8-0000-0000-0000000000000000},219,2000-03-29,06:39:00.000000,Gate 4,10054
{000000D9-0000-0000-0000000000000000},218,2000-03-29,18:28:00.000000,Gate 4,10054
{000000DA-0000-0000-0000000000000000},219,2000-03-29,18:28:00.000000,Gate 4,10054
{000000DB-0000-0000-0000000000000000},219,2000-03-30,05:54:00.000000,Gate 4,9801
{000000DC-0000-0000-0000000000000000},209,1999-10-19,07:58:00.000000,Gate 5,8241
{000000DD-0000-0000-0000000000000000},209,1999-10-19,18:54:00.000000,Gate 5,8241
{000000DE-0000-0000-0000000000000000},210,1999-10-20,08:37:00.000000,Gate 5,6797
{000000DF-0000-0000-0000000000000000},211,1999-10-26,17:50:00.000000,Gate 5,7033
{000000E0-0000-0000-0000000000000000},211,1999-10-27,08:44:00.000000,Gate 5,7090
{000000E1-0000-0000-0000000000000000},212,1999-10-27,08:44:00.000000,Gate 5,7090
{000000E2-0000-0000-0000000000000000},213,1999-11-03,07:05:00.000000,Gate 5,7234
{000000E3-0000-0000-0000000000000000},214,1999-11-04,07:23:00.000000,Gate 5,7243
{000000E4-0000-0000-0000000000000000},34,1999-12-22,09:31:00.000000,Gate 5,6931
{000000E5-0000-0000-0000000000000000},35,1999-12-29,09:21:00.000000,Gate 5,6756
{000000E6-0000-0000-0000000000000000},35,1999-12-30,08:57:00.000000,Gate 5,6775
{000000E7-0000-0000-0000000000000000},36,2000-01-03,09:18:00.000000,Gate 5,6473
{000000E8-0000-0000-0000000000000000},215,2000-01-09,09:16:00.000000,Gate 5,6021
{000000E9-0000-0000-0000000000000000},215,2000-01-11,10:59:00.000000,Gate 5,5953
{000000EA-0000-0000-0000000000000000},209,1999-10-19,07:52:00.000000,Gate 6,8241
{000000EB-0000-0000-0000000000000000},210,1999-10-19,18:37:00.000000,Gate 6,8241
{000000EC-0000-0000-0000000000000000},209,1999-10-20,08:31:00.000000,Gate 6,6797
{000000ED-0000-0000-0000000000000000},210,1999-10-20,08:31:00.000000,Gate 6,6797
{000000EE-0000-0000-0000000000000000},211,1999-10-27,08:33:00.000000,Gate 6,7090
{000000EF-0000-0000-0000000000000000},212,1999-10-27,08:33:00.000000,Gate 6,7090
{000000F0-0000-0000-0000000000000000},212,1999-10-28,08:25:00.000000,Gate 6,7066
{000000F1-0000-0000-0000000000000000},213,1999-11-03,06:59:00.000000,Gate 6,7234
{000000F2-0000-0000-0000000000000000},214,1999-11-04,07:11:00.000000,Gate 6,7243
{000000F3-0000-0000-0000000000000000},34,1999-12-22,09:01:00.000000,Gate 6,6931
{000000F4-0000-0000-0000000000000000},34,1999-12-23,08:44:00.000000,Gate 6,6952
{000000F5-0000-0000-0000000000000000},35,1999-12-29,09:10:00.000000,Gate 6,6756
{000000F6-0000-0000-0000000000000000},35,1999-12-30,08:49:00.000000,Gate 6,6775
{000000F7-0000-0000-0000000000000000},36,2000-01-03,09:07:00.000000,Gate 6,6473
{000000F8-0000-0000-0000000000000000},36,2000-01-03,09:07:00.000000,Gate 6,6473
{000000F9-0000-0000-0000000000000000},36,2000-01-04,07:38:00.000000,Gate 6,6424
{000000FA-0000-0000-0000000000000000},215,2000-01-09,09:07:00.000000,Gate 6,6021
{000000FB-0000-0000-0000000000000000},216,2000-03-22,18:29:00.000000,Gate 6,13082
{000000FC-0000-0000-0000000000000000},216,2000-03-23,06:16:00.000000,Gate 6,13876
{000000FD-0000-0000-0000000000000000},217,2000-03-23,06:16:00.000000,Gate 6,13876
{000000FE-0000-0000-0000000000000000},216,2000-03-23,18:25:00.000000,Gate 6,13876
{000000FF-0000-0000-0000000000000000},217,2000-03-23,18:25:00.000000,Gate 6,13876
{00000100-0000-0000-0000000000000000},217,2000-03-24,06:15:00.000000,Gate 6,13126
{00000101-0000-0000-0000000000000000},5,1998-12-17,08:15:00.000000,Gate 8,17500
{00000102-0000-0000-0000000000000000},6,1998-12-21,08:49:00.000000,Gate 8,12978
{00000103-0000-0000-0000000000000000},7,1998-12-29,09:10:00.000000,Gate 8,8934
{00000104-0000-0000-0000000000000000},7,1998-12-30,09:02:00.000000,Gate 8,8933
{00000105-0000-0000-0000000000000000},8,1999-01-05,09:39:00.000000,Gate 8,7612
{00000106-0000-0000-0000000000000000},8,1999-01-06,09:21:00.000000,Gate 8,7607
{00000107-0000-0000-0000000000000000},9,1999-01-09,09:03:00.000000,Gate 8,7546
{00000108-0000-0000-0000000000000000},10,1999-01-13,09:16:00.000000,Gate 8,7500
{00000109-0000-0000-0000000000000000},11,1999-01-28,09:00:00.000000,Gate 8,15364
{0000010A-0000-0000-0000000000000000},11,1999-01-29,09:04:00.000000,Gate 8,15505
{0000010B-0000-0000-0000000000000000},12,1999-02-02,07:38:00.000000,Gate 8,9980
{0000010C-0000-0000-0000000000000000},14,1999-04-11,09:07:00.000000,Gate 8,14215
{0000010D-0000-0000-0000000000000000},302,1999-04-26,09:34:00.000000,Gate 8,11593
{0000010E-0000-0000-0000000000000000},303,1999-05-04,10:05:00.000000,Gate 8,12768
{0000010F-0000-0000-0000000000000000},304,1999-05-05,10:02:00.000000,Gate 8,12463
{00000110-0000-0000-0000000000000000},304,1999-05-07,09:45:00.000000,Gate 8,12416
{00000111-0000-0000-0000000000000000},15,1999-05-11,19:45:00.000000,Gate 8,12952
{00000112-0000-0000-0000000000000000},17,1999-05-12,09:06:00.000000,Gate 8,12981
{00000113-0000-0000-0000000000000000},201,1998-03-10,09:11:00.000000,Gate 9,22039
{00000114-0000-0000-0000000000000000},201,1998-03-11,09:16:00.000000,Gate 9,22142
{00000115-0000-0000-0000000000000000},202,1998-03-17,06:37:00.000000,Gate 9,14274
{00000116-0000-0000-0000000000000000},202,1998-03-18,06:51:00.000000,Gate 9,14479
{00000117-0000-0000-0000000000000000},203,1998-03-31,13:09:00.000000,Gate 9,36293
{00000118-0000-0000-0000000000000000},206,1998-04-28,08:59:00.000000,Gate 9,14216
{00000119-0000-0000-0000000000000000},206,1998-04-29,08:56:00.000000,Gate 9,14254
{0000011A-0000-0000-0000000000000000},207,1998-05-06,09:13:00.000000,Gate 9,15958
{0000011B-0000-0000-0000000000000000},3,1998-08-10,20:14:00.000000,Gate 9,14884
{0000011C-0000-0000-0000000000000000},3,1998-08-11,06:27:00.000000,Gate 9,14959
{0000011D-0000-0000-0000000000000000},4,1998-08-18,06:35:00.000000,Gate 9,14968
{0000011E-0000-0000-0000000000000000},209,1999-10-19,07:45:00.000000,Gate 9,8241
{0000011F-0000-0000-0000000000000000},210,1999-10-20,11:45:00.000000,Gate 9,6797
{00000120-0000-0000-0000000000000000},212,1999-10-27,11:24:00.000000,Gate 9,7090
{00000121-0000-0000-0000000000000000},213,1999-11-03,06:51:00.000000,Gate 9,7234
{00000122-0000-0000-0000000000000000},213,1999-11-03,17:35:00.000000,Gate 9,7234
{00000123-0000-0000-0000000000000000},34,1999-12-22,08:39:00.000000,Gate 9,6931
{00000124-0000-0000-0000000000000000},35,1999-12-29,09:00:00.000000,Gate 9,6756
{00000125-0000-0000-0000000000000000},36,2000-01-03,08:56:00.000000,Gate 9,6473
{00000126-0000-0000-0000000000000000},36,2000-01-04,07:31:00.000000,Gate 9,6424
{00000127-0000-0000-0000000000000000},216,2000-03-22,18:33:00.000000,Gate 9,13082
{00000128-0000-0000-0000000000000000},217,2000-03-23,06:24:00.000000,Gate 9,13876
{00662E30-EA2E-4020-9EB6E04F24E68E6B},0106,2006-02-16,10:12:00.000000,Gate 7,12317
{009BA263-7C9E-4EA4-87D8859ED81C80F0},0105,2005-01-24,08:04:00.000000,Gate 8,6468
{00A5C4A6-15F5-43E8-BA1209480D0B4700},0209,2009-02-07,09:26:00.000000,Gate 6,4245
{00BC228F-047B-4952-8B03073ACB7A82D7},004_19,2019-09-11,09:02:00.000000,Gate 6,9152
{02B651BF-26EA-4CED-BBB65A031AB379AB},0805,2005-10-05,08:24:00.000000,Gate 2,8693
{0389D1AD-99C8-4C99-9484E3CE138967AC},009_20,2020-10-01,08:41:00.000000,Gate 6,6905
{03A96D98-AEEB-456F-B6FD3F4B66FC1148},0605,2005-04-02,08:51:00.000000,Gate 8,8091
{03B671EE-BB46-4778-8C2FB89743CDF280},0913,2013-03-04,10:38:00.000000,Gate 6,4965
{0437C890-66D7-41DC-97B61E65D8CAEB2A},1803,2003-10-17,09:04:00.000000,Gate 6,7067
{0546FF6C-5914-46B6-BAEAF8C29F4A0B4E},0703,2003-03-06,08:31:00.000000,Gate 7,7900
{054A88B2-7B7F-4743-97C27667FFF31E4F},0404,2004-02-07,09:15:00.000000,Gate 6,10084
{05E88EC5-8390-49AF-AB1C77C3418B9A2A},0213,2013-01-24,09:01:00.000000,Gate 6,6522
{0649AB83-4810-4011-B1EFC48D3B9A9E17},012_20,2020-10-21,10:47:00.000000,Gate 7,5699
{069EF792-14D1-49D1-8E13FC04AA0083A0},0312,2012-02-17,09:05:00.000000,Gate 7,5533
{06AE70CA-1406-449D-B66849B20E7FE25C},0604,2004-02-14,08:28:00.000000,Gate 3,7668
{0741B7F6-F404-49E3-A6C1BF8F2D86A805},012_20,2020-10-21,08:51:00.000000,Gate 6,5699
{081A39E7-B516-4B7C-8EF1321103FEBA2A},0807,2007-03-25,09:16:00.000000,Gate 6,6210
{086B56E2-BAE1-4853-86D1799ACE595FC9},0113,2013-01-18,09:04:00.000000,Gate 6,6278
{087DEC46-B9C7-444F-984A5F734D53588B},0209,2009-02-08,09:11:00.000000,Gate 6,4276
{0895D61F-85D6-4F53-AC1D1EF96526D12F},0504,2004-02-11,08:48:00.000000,Gate 6,8448
{095BC59F-3435-426C-94F8FB14EE24B369},006_22,2022-02-12,08:28:00.000000,Gate 1,4385
{0965F4E4-4889-45B9-9223DE358C799328},0813,2013-02-27,09:28:00.000000,Gate 6,4973
{099C6216-F793-4DDC-BD7E5B5D8CF93FC0},007_20,2020-09-23,07:34:00.000000,Gate 1,6797
{09C9A00E-9F41-47DE-B2D680C1F7349F74},0613,2013-02-20,08:14:00.000000,Gate 3,5648
{0A3C57AF-9410-4070-B23EC94ABDE35064},1003,2003-09-03,08:34:00.000000,Gate 9,8754
{0A4B9769-69FF-42C5-BB1BE23CF7FBB28B},2004,2004-09-28,08:53:00.000000,Gate 4,8426
{0B60B4E5-C1C7-43FA-9A66CF6DF8C0DBED},0605,2005-04-02,08:25:00.000000,Gate 5,8091
{0BB8C09E-0435-46B7-938F3E9DFF0975A8},0513,2013-02-14,09:35:00.000000,Gate 8,5719
{0C1B6FC6-FA39-44BB-B2DBA9A2F9FE4C6A},0203,2003-02-06,07:56:00.000000,Gate 5,11385
{0C378336-4602-4143-9E71659B571E4581},0111,2011-01-21,12:56:00.000000,Gate 3,8980
{0CA1FB02-6366-4DC3-8B2D428DF4528794},0603,2003-03-02,07:53:00.000000,Gate 7,8923
{0CAA6E0A-5579-4B8D-9B6A28F5ED8B9706},011_20,2020-10-14,08:23:00.000000,Gate 6,6306
{0CAF0773-65D4-4159-9E064D79809291EE},0408,2008-02-21,09:33:00.000000,Gate 6,5632
{0CB316E1-52A7-4AFF-A85D67AD9ADE8660},0305,2005-02-14,10:04:00.000000,Gate 6,5847
{0D11BC77-6724-4DB8-A6E328C3819BFB26},2104,2004-10-03,09:11:00.000000,Gate 6,7657
{0D1C0ECC-BDC0-4C11-9CF9F3CDF838E3F0},0705,2005-09-13,08:37:00.000000,Gate 2,8729
{0D5F99D1-C0E2-4986-87F5F4B37CC8F019},0114,2014-01-03,09:10:00.000000,Gate 7,4099
{0D9111DC-027B-4373-8142313F93738082},0208,2008-02-08,09:07:00.000000,Gate 6,6797
{0E0763F5-5DAB-4746-A5F1DEC0FFBF48E2},0913,2013-03-04,10:37:00.000000,Gate 7,4965
{0E5F3DA4-5CF4-421F-99844C3DCE03DDB3},005_22,2022-02-04,11:06:00.000000,Gate 8,4499
{0EF208A5-C7E3-4E79-BA8246CA89DA6CCC},001_22,2022-01-13,09:36:00.000000,Gate 5,5595
{0F88874F-31CB-40C3-BAFF8619E7662820},0113,2013-01-17,08:55:00.000000,Gate 7,6329
{0F95379B-0D78-421E-8F3440A1C9B99C43},002_16,2016-02-10,12:09:00.000000,Gate 3,6078
{1088D132-64B1-4D3C-99325B6D0379E5D0},0411,2011-02-12,09:32:00.000000,Gate 8,5328
{11220A30-36F0-488B-B58395825FFF1867},0305,2005-02-11,08:46:00.000000,Gate 5,5993
{118FE7FE-919D-4B63-BA8AD2991D350E0C},0311,2011-02-03,17:33:00.000000,Gate 6,5731
{12921FAB-A3ED-404D-BB4049E36AD6BAAA},0303,2003-02-11,07:41:00.000000,Gate 11,9301
{129DE0BA-1AF9-4460-ACE2EBE9CD226B37},0613,2013-02-20,09:11:00.000000,Gate 7,5648
{12A922E2-54B5-4B98-92A8773DB03FF05F},0111,2011-01-23,13:15:00.000000,Gate 7,8185
{132DC4A6-27A7-4C1F-8B2856F1D752C4F6},006_20,2020-09-18,08:58:00.000000,Gate 6,7027
{135164EB-85B0-492C-B9F0CCA88FE15335},004_21,2021-02-27,10:29:00.000000,Gate 1,4007
{13665DBD-8C10-40A0-9BD84F00206CE329},1504,2004-09-02,08:06:00.000000,Gate 11,8363
{13820A09-9B23-493E-91C3810CB8EE1C30},0803,2003-03-08,08:32:00.000000,Gate 7,7368
{145004F8-1D9C-4398-A9CD3E89084E39DF},0112,2012-01-31,08:18:00.000000,Gate 3,6009
{149B0C72-A6FE-459E-A4FD75DFA1D83BA9},1003,2003-09-03,09:00:00.000000,Gate 1,8754
{14F32399-5AB7-4698-A7140F62F0A52AA5},0113,2013-01-17,09:26:00.000000,Gate 8,6329
{15D5F61D-D7FE-456A-9F07F800CC9E4ACD},0108,2008-01-24,09:30:00.000000,Gate 7,5416
{15FF7DB3-C3A5-4F44-A645752AE90B929C},0813,2013-02-27,08:44:00.000000,Gate 7,4973
{16180BE9-87C3-4EE7-8404F409D5F602BB},0703,2003-03-05,08:46:00.000000,Gate 11,8118
{176EFBE0-F791-476B-AC189388C8FF5FF5},0411,2011-02-12,08:07:00.000000,Gate 3,5328
{17736D7F-0EFA-4106-8E4E81E28BA664A7},0114,2014-01-02,08:23:00.000000,Gate 6,4214
{17C45696-DCE5-45CF-8A378C63EB338003},0607,2007-03-16,08:44:00.000000,Gate 6,6607
{17D934C9-51B9-4A31-A35FEF20984A33F9},0105,2005-01-24,08:26:00.000000,Gate 6,6468
{18A5E339-3A5F-46BB-A50002F8F0E1AB5E},1803,2003-10-16,08:54:00.000000,Gate 8,7048
{19254DE4-2DFF-40A9-927A50ACAB85F427},1304,2004-06-06,09:03:00.000000,Gate 2,13633
{19B911E6-FC80-4CCC-84852E0EB0CE3055},010_20,2020-10-07,08:42:00.000000,Gate 8,6677
{19EFB1A9-CE5B-4B31-8F0FD9DA110FEEF2},0211,2011-01-27,10:02:00.000000,Gate 8,6778
{1AC92B49-24C2-4D12-A16481C81428823F},0413,2013-02-04,10:18:00.000000,Gate 7,6235
{1AD34D8F-24D5-48E0-A6148337B3CB16B9},0303,2003-02-13,07:46:00.000000,Gate 2,14116
{1B93B562-FB2C-440E-925DFBF278ACB57F},0209,2009-02-06,09:12:00.000000,Gate 6,4132
{1B9ABAF8-B0A2-464D-8FF869480CA0FF7B},003_16,2016-02-15,11:06:00.000000,Gate 7,5560
{1BDF4968-C4A8-4861-BE445696F4A9225C},0905,2005-10-14,08:59:00.000000,Gate 6,8713
{1C1B8156-EB44-4542-8EB57C52A2DAA1F4},1013,2013-09-28,10:45:00.000000,Gate 7,6858
{1C262F86-8E20-40BD-8D41D1488063E104},2004,2004-09-28,08:41:00.000000,Gate 6,8426
{1C9450C1-9FC8-47F5-B6BFD1818E175B91},0903,2003-03-21,09:14:00.000000,Gate 3,8470
{1D03B505-CEAD-4901-9B61F53A95F9BC95},001_20,2020-01-10,11:23:00.000000,Gate 8,7215
{1D1A583C-E684-4FF4-B5AA9720317489EE},0103,2003-01-29,07:55:00.000000,Gate 2,26673
{1D76D342-18C0-4C08-BA7C747B46E0DC49},1403,2003-09-28,09:29:00.000000,Gate 4,7845
{1DB33523-2EAD-4E14-9449136B39B3A786},001_19,2019-08-28,09:05:00.000000,Gate 6,10322
{1E2C1CF1-4FA2-4FE0-97668FDCD10B8F9E},0215,2015-01-28,08:57:00.000000,Gate 7,4485
{1E31CB8C-CBD2-447B-B4B73326818512DA},005_21,2021-10-01,10:07:00.000000,Gate 8,7325
{1E5195A9-83D2-4968-960280628AFDDAA3},0313,2013-01-31,09:11:00.000000,Gate 8,6580
{1E6F11C6-783B-4ED0-9E20E26FC9EEEC62},0211,2011-01-27,09:30:00.000000,Gate 7,6778
{1E93DA9A-A890-46AA-909668E3CA65C6F5},2004,2004-09-30,09:08:00.000000,Gate 6,8119
{1EDD1DF3-C3DC-45C7-93A0A1976BFA4752},1,1998-04-21,09:01:00.000000,Gate 10,14946
{1F31ED45-C6C1-4697-AB7FD5D248CE8BBE},0109,2009-01-24,08:27:00.000000,Gate 3,4165
{1F3F318C-B7F5-46C6-8F4B2F2FA143C79B},0304,2004-02-01,09:06:00.000000,Gate 5,8751
{1F9DAAC6-2860-4DC5-ADECF20B4B01B63E},0107,2007-01-22,09:32:00.000000,Gate 8,6247
{2007FB31-FF55-4632-AEB0F7F5DE71C256},0103,2003-01-29,08:04:00.000000,Gate 7,26673
{218D7057-B61F-4119-829ACFF5AEDCCBBE},001_20,2020-01-10,10:00:00.000000,Gate 7,7215
{22193265-C01E-4A0C-8BDDCA249ACE232E},1004,2004-05-05,08:52:00.000000,Gate 6,10557
{227D6B87-D454-4E49-969506E5DEA76C22},1503,2003-10-02,08:50:00.000000,Gate 8,7457
{239A96AC-D0ED-4DE7-934F96D8261821A6},005_18,2018-12-31,10:21:00.000000,Gate 7,5592
{23B01F9A-CEDC-4827-9371860A903B6A84},0703,2003-03-05,08:21:00.000000,Gate 2,8118
{2439BF9B-D8BC-4591-A09E53B53893EBFF},001_16,2016-02-04,08:30:00.000000,Gate 8,8394
{24ECD386-D1BC-45E9-8FE4352CAF52073E},1113,2013-12-23,10:37:00.000000,Gate 8,4277
{24F593AD-C936-4F25-8539A809A44DD17F},0404,2004-02-07,08:42:00.000000,Gate 5,10084
{254EC546-3F52-4810-83601C77938537DA},010_20,2020-10-07,08:22:00.000000,Gate 6,6677
{2579BD87-3EB3-4C71-B232FFB2066FFB31},0805,2005-10-05,09:17:00.000000,Gate 8,8693
{25A11F64-EAB5-4220-AE90BDF20017227F},1,1998-04-21,09:00:00.000000,Gate 3,14946
{25E1F437-B693-40A6-8136E1281D84B7D5},005_18,2018-12-31,09:20:00.000000,Gate 6,5592
{2625968C-AA06-4712-86F20A04AF557CAC},008_19,2019-10-09,09:10:00.000000,Gate 6,6942
{264F06A1-3ADD-47DE-B636CABF3A81323C},0208,2008-02-08,09:27:00.000000,Gate 7,6797
{2663B29A-2800-4A79-99B30CC750BB1527},1704,2004-09-18,10:15:00.000000,Gate 2,9167
{267A1C39-B429-43FE-8C75D3681A5E4580},0313,2013-01-31,09:09:00.000000,Gate 3,6580
{274952A3-08E9-4FE1-8B1A224FC3ABB82A},1303,2003-09-24,09:24:00.000000,Gate 7,7936
{275004CB-67B8-4568-801341FF25E19330},0213,2013-01-24,08:52:00.000000,Gate 8,6522
{276D290C-BD58-451C-B4CA093EADA8AB17},002_22,2022-01-21,08:56:00.000000,Gate 6,5018
{277481A7-F086-4668-BBA2E7CFCCFA71B8},0103,2003-01-29,08:00:00.000000,Gate 5,26673
{289D3F2E-0CC6-468F-A5D1801DBC6274E7},0302,2002-08-21,06:38:00.000000,Gate 6 E,10372
{28A58F76-AEE2-49E4-940D89CCE3D0BEF1},0705,2005-09-12,09:05:00.000000,Gate 11,8865
{2918F006-CC35-4421-814F5C736B12DDBB},0213,2013-01-25,12:34:00.000000,Gate 7,7656
{29D3C96B-715F-49C5-BCA62478079D4724},0413,2013-02-04,10:31:00.000000,Gate 8,6235
{2A313F39-7E71-4834-A353051570AEBAB2},1203,2003-09-10,08:29:00.000000,Gate 11,7030
{2A6D3572-424B-41CE-864A2E61AE43BED2},1213,2013-12-29,09:14:00.000000,Gate 7,4466
{2B3E1C4D-4DEA-4B33-9D0CC13E2973ABCF},0607,2007-03-16,08:53:00.000000,Gate 7,6607
{2B74FD65-5E70-4583-BBF92D3E9F23FDB5},1803,2003-10-16,09:37:00.000000,Gate 4,7048
{2BAB9832-A461-41A7-B10C33545B9DFB14},0113,2013-01-19,08:30:00.000000,Gate 3,6281
{2BD4C4E4-40D7-4BB8-89B7DBA2F566B116},0202,2002-08-08,06:59:00.000000,Gate 7 E,12644
{2C6823D1-9FB7-4E51-AB5413C02CF41FDC},011_20,2020-10-14,10:15:00.000000,Gate 8,6306
{2E2A1727-AB8C-4F61-BD9A7BDFFE0E6E5F},001_22,2022-01-13,10:17:00.000000,Gate 8,5595
{2E527C0A-ADA5-45DB-A025E923B66D3CCA},1304,2004-06-04,08:58:00.000000,Gate 2,10902
{2F134FC5-0D16-4B30-8F9C93976A165BFF},0311,2011-02-02,10:56:00.000000,Gate 6,5836
{2F8AC642-92DF-4300-A1368C3F43E719F5},1213,2013-12-29,08:27:00.000000,Gate 6,4466
{311A0798-0778-49D2-A58BEBF0B46B55D3},007_19,2019-10-02,09:46:00.000000,Gate 1,8135
{31337AF6-CF99-4FBD-BC8653B09C6A1925},004_18,2018-12-29,08:31:00.000000,Gate 6,5751
{317E0C43-A323-4992-8B64CB9C09806349},005_20,2020-02-19,11:21:00.000000,Gate 1,5903
{319DFFEC-0846-4E5D-BAF03F2F9F1B6BEA},002_20,2020-01-24,09:43:00.000000,Gate 1,7965
{31B76D35-DD6F-49A1-961FC9E16F45D242},003_20,2020-01-31,09:00:00.000000,Gate 7,7928
{31C8D6D1-6E1A-4966-9B8EA9E65FBD9F4E},0111,2011-01-21,09:47:00.000000,Gate 8,8980
{327949FB-AAF1-42FC-A0D2A32868AC6566},0206,2006-02-24,09:48:00.000000,Gate 9,9392
{32DE3205-1FD3-4E96-A0D74C08C9D046EE},003_20,2020-01-30,10:17:00.000000,Gate 7,8205
{330364E5-F2B7-4C21-BF12E898AAE0C4E2},003_22,2022-01-25,08:51:00.000000,Gate 1,4862
{330CB404-8B54-4131-B81FD08298BBC0C9},002_18,2018-10-12,13:13:00.000000,Gate 8,7585
{33469AFA-F4DA-4CCD-B6E2E34E213B5DD5},0114,2014-01-02,09:07:00.000000,Gate 7,4214
{33D4DB55-D0DF-4B6E-AFA8916B9414BD14},004_19,2019-09-11,11:04:00.000000,Gate 8,9152
{3447D1B5-9019-4303-B0A34494E8B2C599},0313,2013-02-01,09:00:00.000000,Gate 6,6488
{3457C92E-D933-4A85-A34111E78F4CB76A},0207,2007-01-29,10:38:00.000000,Gate 4,6178
{34CA3F66-B05F-4067-B22DF7B5B3C0E6FB},001_20,2020-01-10,08:38:00.000000,Gate 6,7215
{3688CAFD-F2D7-4893-9A25DA512F84800A},0111,2011-01-22,20:11:00.000000,Gate 3,8640
{36D7AE64-95F5-4DD8-A2BBBE40F5AD3459},0405,2005-03-11,08:57:00.000000,Gate 8,6658
{36D9BDA9-539F-4395-B46FDE20B1701DDE},0113,2013-01-18,09:25:00.000000,Gate 7,6278
{37115585-3B05-47FD-BA04C963EF9B4F16},1703,2003-10-11,09:15:00.000000,Gate 7,6936
{37294A06-11BD-48F8-893A7B51E7F4B4DC},0613,2013-02-19,09:02:00.000000,Gate 8,5565
{37793F57-C5D4-43F9-B25776B68DA60CFC},0209,2009-02-06,08:55:00.000000,Gate 5,4132
{37BACE9D-1A38-499B-87A8F681C30C890A},0203,2003-02-06,07:50:00.000000,Gate 2,11385
{37E0E3F5-DBAD-4F72-ADCB8B8A9B431337},0605,2005-04-02,08:40:00.000000,Gate 6,8091
{389A7218-A8F5-4CA2-A1B28DE4F95C4267},001_22,2022-01-13,08:48:00.000000,Gate 6,5595
{38A8A124-F75F-4472-8FF51932928924AE},0112,2012-01-31,10:11:00.000000,Gate 7,6009
{38BD06AB-7969-49C6-9CF3E2DBB9D307B7},0302,2002-08-22,06:39:00.000000,Gate 6 W,9863
{396C0660-B135-429A-B76200F49853DCFB},013_20,2020-12-31,09:28:00.000000,Gate 8,4353
{39823377-CFEF-4F01-9A69254C3767DA68},0403,2003-02-22,07:27:00.000000,Gate 2,16300
{3A73E6F2-B629-444C-A7FE631B9E8A7A85},001_22,2022-01-13,09:52:00.000000,Gate 7,5595
{3ADB9413-A1FD-465D-AD7FB5B55B5FBC72},0104,2004-01-19,09:48:00.000000,Gate 6,9839
{3BCE34D6-8963-426F-AB2BF6A0B0C9B669},0305,2005-02-12,08:18:00.000000,Gate 5,5936
{3BE01B1D-1033-499E-802C798B37E77E07},1603,2003-10-07,08:59:00.000000,Gate 4,7471
{3C14777E-9984-4121-8E682BA9B93D343E},0403,2003-02-22,07:33:00.000000,Gate 7,16300
{3C2F69AA-ABD2-4B14-85B71A1B72119498},0504,2004-02-10,08:34:00.000000,Gate 6,8803
{3C75A922-1B75-412D-AB5E96CB18D80FD0},1603,2003-10-07,08:45:00.000000,Gate 8,7471
{3CC1387E-3FF8-4275-907409D15341FB2D},1603,2003-10-07,08:52:00.000000,Gate 6,7471
{3D23F683-743A-4309-9F432A22536FC633},001_21,2021-01-21,11:19:00.000000,Gate 8,4035
{3D8946CC-8037-469B-BAC0E8EB045C7B53},0604,2004-02-16,09:11:00.000000,Gate 5,7540
{3DF0C404-0BA2-4299-8C4262EE11738F0B},0304,2004-02-01,08:41:00.000000,Gate 3,8751
{3E7A3496-9B64-474E-85A6A1F7BE78B0BC},009_19,2019-10-23,09:36:00.000000,Gate 6,8766
{3E950AA6-C28A-4DB3-B567DA69A4264895},0504,2004-02-10,08:16:00.000000,Gate 5,8803
{3EA12330-7256-4180-AAF57FC858F2EE63},0803,2003-03-08,08:39:00.000000,Gate 11,7368
{3F9D2A59-BA35-44A7-BF06CD28106761DC},009_19,2019-10-23,13:36:00.000000,Gate 8,8766
{41A752DD-6DF3-4410-A251677F5377E13E},1213,2013-12-30,09:10:00.000000,Gate 6,4453
{41D9D248-F07A-449C-98830C1AE0873747},1003,2003-09-03,08:15:00.000000,Gate 11,8754
{41DC1B90-E046-42AC-8DC40A50EAA8A36F},0408,2008-02-22,08:56:00.000000,Gate 3,6469
{42DE38C3-1476-4F21-9313E153568E6FD2},008_20,2020-09-25,08:03:00.000000,Gate 6,6789
{43658A38-9A7C-4FF6-B2253CE08A3433BC},0412,2012-02-29,09:32:00.000000,Gate 8,5822
{4393A419-C978-4904-957B0CA43B14FA92},0206,2006-02-24,08:56:00.000000,Gate 2,9392
{43B3043D-CA36-44B7-BC50B4278C797091},0202,2002-08-07,06:52:00.000000,Gate 6 E,13016
{43FD8E6E-BE31-4A16-8196E122E1CE39D8},1303,2003-09-25,08:18:00.000000,Gate 7,7928
{448DB7E8-0D80-4DBF-A0A6254CB5B2FD51},0212,2012-02-05,08:15:00.000000,Gate 3,5230
{46228E41-96E9-4DF8-944C33484F1337AC},009_20,2020-10-01,07:50:00.000000,Gate 7,6905
{4630A535-15C5-4A07-8F936A89E723EBDC},0412,2012-02-29,08:04:00.000000,Gate 3,5822
{46B89132-8C6D-4935-9D3FEB64F5EDC8BE},1303,2003-09-24,08:22:00.000000,Gate 4,7936
{472B341F-AB35-48AF-883C3084E1F0CAA0},0304,2004-02-01,08:42:00.000000,Gate 6,8751
{47A87990-720E-484C-A3C215747E143D8E},0215,2015-01-28,09:41:00.000000,Gate 8,4485
{47EACE02-5FE9-46C3-97934A8B4EE66F3C},1203,2003-09-09,08:24:00.000000,Gate 11,7181
{4849905D-6056-4CBC-BDF309E42E47140F},0106,2006-02-16,09:18:00.000000,Gate 9,12317
{485B8814-DEC7-4E43-B90739828ACBC8C6},011_20,2020-10-15,09:05:00.000000,Gate 8,6096
{48D3DF49-BA7A-4A27-80BBA0A80B97F603},004_22,2022-01-28,11:46:00.000000,Gate 1,4695
{495E4210-B94F-4A22-AB27CD83422FB7EE},0204,2004-01-25,09:06:00.000000,Gate 5,7502
{4A24564A-F025-44F1-960A959AF2F6EBF9},0304,2004-02-02,08:11:00.000000,Gate 6,8298
{4A2E6FCB-F7A7-4D8C-91002FCF8F9FE1D2},009_19,2019-10-23,11:27:00.000000,Gate 7,8766
{4A5AA9F5-50AA-4DFA-BB28F411DD1746EC},002_22,2022-01-22,11:25:00.000000,Gate 1,4961
{4A9AE756-92BE-4135-8B40EDE6EF6100AD},0505,2005-03-14,10:09:00.000000,Gate 8,6399
{4ADF8CC7-FFDE-4BCE-BED71BD23BFFC535},1604,2004-09-04,09:30:00.000000,Gate 1,8848
{4BA54F4E-3598-499D-A4961862FD47365D},0403,2003-02-22,07:41:00.000000,Gate 11,16300
{4BC9DBF5-1BB9-41A9-929A0B46AFA22B48},0613,2013-02-19,08:41:00.000000,Gate 7,5565
{4C15D700-99FE-43B1-9A588AB2250FCB32},0303,2003-02-11,07:48:00.000000,Gate 2,9301
{4D0C9707-7DF3-45E9-8B49D0917E8A8392},0208,2008-02-09,09:32:00.000000,Gate 7,6652
{4D3939AA-C0F0-4035-8F5AE2076BDCD5BF},005_22,2022-02-05,10:24:00.000000,Gate 8,4483
{4DBFFE1C-4B65-424F-B78E096953E4F7FB},0114,2014-01-02,09:36:00.000000,Gate 8,4214
{4DCA906B-191B-41E9-BBCECE4027437A93},0202,2002-08-08,06:48:00.000000,Gate 6 E,12644
{50FFF599-B1DA-4A18-895EE4C310806D50},0604,2004-02-14,08:51:00.000000,Gate 6,7668
{52147513-6B25-481A-BAA2E60E0C16F5F2},004_21,2021-02-27,09:55:00.000000,Gate 5,4007
{5215543B-93E8-403D-9AC7E8EBB094D4FC},0903,2003-03-21,09:11:00.000000,Gate 5,8470
{5273862F-1E4E-45BD-99760D0A30F77395},004_20,2020-02-13,09:23:00.000000,Gate 7,6072
{5292E2EE-8991-450E-B2C7AEC49ABE8F0B},0407,2007-02-18,09:09:00.000000,Gate 6,7035
{52C94305-B672-4735-8207296F6321F59E},0513,2013-02-14,09:17:00.000000,Gate 7,5719
{53F7DC22-F0D8-4465-B353313E940A776E},013_20,2020-12-31,08:19:00.000000,Gate 6,4353
{54369D0D-5E58-43CD-A0FF8D5871AD27BD},0313,2013-01-31,08:43:00.000000,Gate 6,6580
{5455058D-1E64-4931-A068626E895F6793},0202,2002-08-07,06:54:00.000000,Gate 5 W,13016
{547C03FE-ACB6-4BB4-BD2508ED9BED1A8F},002_21,2021-02-11,09:36:00.000000,Gate 7,4244
{54CC69D8-8CB5-499B-BB03DDA41EE2C91C},0411,2011-02-17,20:12:00.000000,Gate 7,10649
{552A9C26-A918-45EE-BDEFDF5013CFD85C},0109,2009-01-24,10:08:00.000000,Gate 8,4165
{55F54154-84A5-4452-B212264B6F620D13},0308,2008-02-16,09:42:00.000000,Gate 6,5918
{56395BAC-CB2F-4F7C-97818BAA47681233},001_18,2018-10-10,09:00:00.000000,Gate 7,7668
{56A2ED92-907C-4D86-AC649274C13662EB},0607,2007-03-16,08:29:00.000000,Gate 3,6607
{572E7F7D-C9E3-4143-A035A425C8DCCB0C},0212,2012-02-05,08:20:00.000000,Gate 7,5230
{576531D6-0170-45E2-A6EEDD502518ED4F},0102,2002-06-27,07:33:00.000000,Gate 5 W,14208
{5797E450-EB8A-4E8A-B82F01DA5BE074FF},0211,2011-01-27,11:17:00.000000,Gate 6,6778
{58271117-5FC6-456E-8AEC11295FDFBDF1},0413,2013-02-04,10:05:00.000000,Gate 6,6235
{58CEC892-D2FF-4E20-87F030225FBEDB1D},1504,2004-09-01,08:37:00.000000,Gate 2,8818
{598BEAB7-A5C1-4E93-86207EAD3F908E8E},0209,2009-02-07,08:59:00.000000,Gate 5,4245
{59A39565-9CEA-4F51-9E1BEE7490C1E5B0},1203,2003-09-09,08:34:00.000000,Gate 9,7181
{5AD1D73A-2594-4846-8CEEB9C23F144873},0813,2013-02-28,08:30:00.000000,Gate 3,4923
{5B00C1EA-99BC-4B49-84B63F21F7033A5D},1204,2004-05-27,09:17:00.000000,Gate 1,9617
{5B470198-A33B-478D-9D2FD2BECFBA7454},0505,2005-03-14,09:48:00.000000,Gate 5,6399
{5B7F5337-4F76-4C6C-81F6AAC1AA4E9531},0305,2005-02-11,09:29:00.000000,Gate 6,5993
{5B83ACF6-11B6-403E-B0C45A3DC91DEB48},1203,2003-09-10,08:08:00.000000,Gate 9,7030
{5BD6BA45-E12E-43AB-9A1189A0118419AE},0204,2004-01-25,09:22:00.000000,Gate 3,7502
{5C05F2D3-AE0F-422E-B0A0117438865FC2},007_19,2019-10-02,08:43:00.000000,Gate 6,8135
{5C73DE6A-405C-4410-810423C7845EEFB6},0508,2008-02-29,09:06:00.000000,Gate 3,7619
{5C8DF740-B8EC-49A8-87CA5F6E9B3DB6C7},0303,2003-02-11,08:01:00.000000,Gate 7,9301
{5CC04681-91F7-4844-B505B88D06455416},001_21,2021-01-21,13:25:00.000000,Gate 1,4035
{5CFD2EEF-B139-473B-AC304DE07D9CA40D},1403,2003-09-29,10:14:00.000000,Gate 8,7902
{5D62F728-1BC1-48F6-BC2EDA380B05948E},0804,2004-03-24,09:35:00.000000,Gate 6,9658
{5D9B42BA-C7DA-40ED-803844CE97B61B79},005_21,2021-10-01,11:05:00.000000,Gate 5,7325
{5E0081D3-21B1-445D-973285A66937ABAB},0315,2015-02-04,08:30:00.000000,Gate 3,4574
{5E9818B0-53D4-4127-AA561BB4F8ACE343},1804,2004-09-21,09:26:00.000000,Gate 2,9447
{5EA8B081-B738-4ABB-B66888AE0ACB1C72},0804,2004-03-24,09:19:00.000000,Gate 7,9658
{5EBD5901-156A-4A60-82F820584287A435},0513,2013-02-14,08:50:00.000000,Gate 6,5719
{5EC68B8C-D74B-45E4-B6600EEC5EC7072F},1403,2003-09-28,09:13:00.000000,Gate 7,7845
{5F846704-C6B2-4AA5-87F13F6A46A47629},006_19,2019-09-25,10:42:00.000000,Gate 8,8156
{603C2655-6D09-43B0-9FDBCDF3DD43A17A},004_21,2021-02-27,09:22:00.000000,Gate 8,4007
{60BEAD84-F24F-44D1-8883FCCC309B379E},0412,2012-02-29,11:15:00.000000,Gate 6,5822
{60BEE277-9D1E-45D5-BBB0BFE527299377},0102,2002-06-27,07:42:00.000000,Gate 6 W,14208
{61CEC47A-BCFE-4F72-B6324E2A20460FEC},003_22,2022-01-25,09:43:00.000000,Gate 7,4862
{62ED1424-730B-4F79-B0B86073D425D28E},1213,2013-12-29,09:55:00.000000,Gate 8,4466
{63A90E4E-73C8-4F51-9AE66617E03CDBCF},003_18,2018-10-18,11:00:00.000000,Gate 8,7766
{642E0431-19BB-4AD7-B0D72D97584E52AD},009_20,2020-10-01,10:08:00.000000,Gate 8,6905
{65049F1D-B12D-4E24-925C30B0DC70EFBA},011_20,2020-10-14,10:30:00.000000,Gate 5,6306
{654C7EFE-DA3B-43EC-8595647DC6CD86B8},0507,2007-03-03,08:37:00.000000,Gate 3,7829
{65948E92-3055-4423-BBEF088E72190A94},002_21,2021-02-11,10:23:00.000000,Gate 8,4244
{65B5796C-B597-439C-83320A689C8FA354},001_18,2018-10-10,09:56:00.000000,Gate 3,7668
{65CAF1D2-2F33-42D4-AA62FCECFD4C6E60},0605,2005-04-02,08:10:00.000000,Gate 3,8091
{660D817B-5736-4943-9657EBB1D32EA06B},0503,2003-02-27,07:50:00.000000,Gate 7,12156
{66A86E1A-DE4C-4DFC-97FF5CF4B072CAE6},0504,2004-02-10,08:44:00.000000,Gate 8,8803
{66F38A63-66D7-4B2C-9084B060EF367C06},003_19,2019-09-06,11:58:00.000000,Gate 8,9287
{67A5D2F0-3F17-4EFF-98BD3FE1944EA72F},0108,2008-01-24,09:12:00.000000,Gate 8,5416
{681AEF0A-3E4B-406D-BA3378462B759686},002_18,2018-10-12,11:00:00.000000,Gate 3,7585
{68E8E459-EBAF-4F91-98C4F1BAF02A5FCD},0504,2004-02-11,08:31:00.000000,Gate 8,8448
{69744936-5240-4693-9A9D73A34A471166},0905,2005-10-14,09:11:00.000000,Gate 8,8713
{6986D296-A441-4F60-9C0A29CA501D6D27},002_20,2020-01-24,08:10:00.000000,Gate 7,7965
{6A0BF47F-CD41-4EDC-9AA525EC5F27A84C},0303,2003-02-11,07:56:00.000000,Gate 5,9301
{6A1B9808-B4BA-449B-99B5EF90970B1A2A},0307,2007-02-06,08:32:00.000000,Gate 2,6004
{6A2A7CFF-B832-4E68-BE3136CFCCD136F8},0307,2007-02-06,08:54:00.000000,Gate 6,6004
{6A889389-B06A-4B76-B04B2571BDDB9C9C},1604,2004-09-04,08:37:00.000000,Gate 11,8848
{6AADA15D-31DF-48D2-B56720F1407A60E0},010_19,2019-11-15,09:01:00.000000,Gate 7,5109
{6B823FA5-010C-46A9-927C0AAF77EB451A},0308,2008-02-15,08:47:00.000000,Gate 7,6113
{6B94D8CE-26F9-4206-AEF4659B082FE9C6},2104,2004-10-02,08:33:00.000000,Gate 4,7602
{6BC06015-15A0-4EC8-A1FA5244E184191D},0603,2003-03-02,07:49:00.000000,Gate 5,8923
{6BC407C1-3052-451E-8B10387FBE944EBF},0106,2006-02-16,10:05:00.000000,Gate 6,12317
{6C5FF566-E5C5-4B4C-A9910B4181438B36},0206,2006-02-24,09:13:00.000000,Gate 6,9392
{6CCC6278-91EF-41EE-84152DF208C0A443},0705,2005-09-12,08:49:00.000000,Gate 9,8865
{6CD5D749-57EA-4B20-89476D73AD5AC750},0108,2008-01-24,09:37:00.000000,Gate 6,5416
{6CDD41F3-E3CD-4CF0-A90DD0664CC04C91},005_21,2021-10-01,09:30:00.000000,Gate 7,7325
{6E1AC054-A383-435B-A3126D792EA8AE1B},1213,2013-12-30,09:40:00.000000,Gate 8,4453
{6E3DCCC3-9EF7-40ED-B159A6B300B90EAA},007_20,2020-09-24,12:20:00.000000,Gate 8,6802
{6EA71EF1-C831-40C4-8159AE71D760F940},0108,2008-01-25,09:37:00.000000,Gate 7,6384
{6EC54693-805E-42CC-9647698A3835580D},011_20,2020-10-14,08:09:00.000000,Gate 7,6306
{6EEEE149-5C94-46A9-90BC8030F849CA73},002_16,2016-02-10,11:00:00.000000,Gate 6,6078
{6EFD116D-C6A5-47EA-AEB46D46C26DBA58},013_20,2020-12-31,10:56:00.000000,Gate 1,4353
{6FC936AC-3EE8-4B9E-B317DD2448179B53},2004,2004-09-29,08:38:00.000000,Gate 6,8414
{6FDCC1CC-DE76-4916-B93CEE394D0592E7},1004,2004-05-05,09:44:00.000000,Gate 3,10557
{6FFA1E21-C661-4D6B-860A2DBC07BBA8C0},002_20,2020-01-24,08:34:00.000000,Gate 6,7965
{705E30DE-EF24-49C5-B6DF32DCD3573AF5},0312,2012-02-17,10:42:00.000000,Gate 6,5533
{706A479C-4D51-4372-A32C55FBC4287AB1},002_19,2019-09-04,09:07:00.000000,Gate 6,9795
{70BC64A2-F4FA-495F-9D0CEE586E5B0883},0312,2012-02-17,09:27:00.000000,Gate 8,5533
{71DB4822-4219-4B4B-AAFF74C678CCA41A},2104,2004-10-02,08:22:00.000000,Gate 2,7602
{71F2B6A4-4670-45C9-9BC4142746494B73},1804,2004-09-22,09:07:00.000000,Gate 6,9466
{72120B6D-82C3-4DF9-930A74C0133A4F15},0208,2008-02-09,08:30:00.000000,Gate 6,6652
{72121EB3-2764-4DE5-BEEE16CE1D05238A},0803,2003-03-09,08:58:00.000000,Gate 5,7069
{729912A7-E88D-4E91-B1A2B18E0D0CA2CC},1403,2003-09-28,09:02:00.000000,Gate 8,7845
{72D38784-9001-4667-A06EF4B610B1E927},002_22,2022-01-21,12:05:00.000000,Gate 1,5018
{730EDF32-58D5-4798-960A2E43EFCD0FCC},0214,2014-02-07,07:15:00.000000,Gate 7,4463
{73329E0D-0CCC-4E2E-910EFDC40D0AF2F1},005_22,2022-02-04,12:59:00.000000,Gate 1,4499
{733A91AE-D06D-45CD-82BE212474AC0A4E},1203,2003-09-09,08:44:00.000000,Gate 1,7181
{739B57AB-7999-46FE-B4C7379146B7C929},004_22,2022-01-28,08:43:00.000000,Gate 6,4695
{73AEF699-8B24-4FCF-8C0A8C49D14031D9},0408,2008-02-21,09:41:00.000000,Gate 7,5632
{73BDA2B8-F28B-4364-A5A0BE17EAF28D55},0305,2005-02-11,08:14:00.000000,Gate 3,5993
{74A6BA03-7E12-4134-8C3891F4D3B9D479},1604,2004-09-04,09:10:00.000000,Gate 2,8848
{74FDE027-02A8-40EE-A23C3A8E45419857},0707,2007-03-21,08:50:00.000000,Gate 3,6506
{750DF2BE-4288-446B-A2A672B14A479409},0404,2004-02-07,09:34:00.000000,Gate 8,10084
{7552EED7-B557-4C21-8DB651E6C9E48377},004_18,2018-12-29,12:35:00.000000,Gate 1,5751
{764E6535-D6BC-43FD-84FF1466EFC9622F},1204,2004-05-29,09:55:00.000000,Gate 2,11287
{77019372-8619-4ED6-B5ED44A72D68C87C},0904,2004-04-29,09:41:00.000000,Gate 2,9448
{7749B3A0-5CEE-44E9-BC1ADBE247BAE95A},0214,2014-02-05,10:02:00.000000,Gate 7,4351
{781D60F9-4F38-4D8F-90D5CDF29ECD61D4},001_21,2021-01-21,08:52:00.000000,Gate 6,4035
{78A0014F-A61F-4327-9FCD40010EBDA43A},006_22,2022-02-11,09:38:00.000000,Gate 8,4352
{78F2CB1B-837D-4D89-99D52CAD7E791903},1304,2004-06-03,08:00:00.000000,Gate 11,10925
{7968ACFE-34A6-4777-906F81CCC8B3C524},2104,2004-10-02,09:07:00.000000,Gate 8,7602
{79C489DE-966E-41C7-9870502D16A949A2},0115,2015-01-21,08:30:00.000000,Gate 6,4759
{7A480F12-29D8-4512-8004BE64617D5B55},004_19,2019-09-11,10:09:00.000000,Gate 7,9152
{7AEA1554-FECD-42AA-ACBE99ABC8BC3EAD},0407,2007-02-17,09:25:00.000000,Gate 8,7208
{7C48DF56-9490-4BB1-B4C4742B663B25F8},007_19,2019-10-02,09:27:00.000000,Gate 8,8135
{7D28CCF3-1C58-4A88-A1536BE349BC52C1},0408,2008-02-21,09:51:00.000000,Gate 8,5632
{7D3CAD29-B0B6-4AA5-95AFD292754934C8},1804,2004-09-21,08:23:00.000000,Gate 6,9447
{7D558353-1DF2-4FCE-97F99E04E16790AE},0315,2015-02-05,10:51:00.000000,Gate 8,4505
{7DF10D79-40C4-4E69-BF48520FFC0B1E51},2004,2004-09-28,08:25:00.000000,Gate 8,8426
{7E1B605C-4EA4-422A-802696B245EC3D75},003_22,2022-01-26,09:41:00.000000,Gate 7,4786
{7E24557B-B818-4537-8C2371A2BEBC62DA},0208,2008-02-08,08:48:00.000000,Gate 3,6797
{7ECF2D43-8828-4A66-95CBE08F7AADFB37},0207,2007-02-01,09:33:00.000000,Gate 6,6071
{7F39AB55-E5C2-4D5C-ACA380A1B8BDC336},010_20,2020-10-07,07:53:00.000000,Gate 7,6677
{800E6A48-01AE-4577-915CBDFB2B3680C8},0613,2013-02-19,08:25:00.000000,Gate 6,5565
{8046F300-3446-42A9-A8B0B0CE96FEB153},0507,2007-03-03,09:44:00.000000,Gate 7,7829
{806CC38E-FA10-415A-8203635258F69567},0505,2005-03-14,09:32:00.000000,Gate 3,6399
{80801AAE-027D-4481-ADF751F47FC117A2},0407,2007-02-17,09:15:00.000000,Gate 6,7208
{8112FF5A-ABAC-484F-84D257BCE5187360},006_20,2020-09-18,13:25:00.000000,Gate 1,7027
{819788D7-B1EC-405F-B1446BFE1C90D621},0207,2007-01-29,11:12:00.000000,Gate 6,6178
{8254F2AE-ECEC-4428-AD2DB09533C8E0C2},003_22,2022-01-25,10:38:00.000000,Gate 8,4862
{825EB3FA-C611-482E-80C14682EB6E1ACD},004_22,2022-01-28,09:29:00.000000,Gate 7,4695
{827D5D18-BCDA-47DE-AAED613624F7F0D2},002_21,2021-02-11,11:54:00.000000,Gate 1,4244
{82807499-0F49-4B3D-BB2852390EFCF207},0109,2009-01-25,08:47:00.000000,Gate 3,5137
{839E9F6E-9583-4C06-AD04394419F09222},008_19,2019-10-09,10:45:00.000000,Gate 8,6942
{83DA3DD8-D1F8-4EBE-BCC0B1DD7CE9763C},0115,2015-01-21,10:17:00.000000,Gate 8,4759
{845CB458-D7AC-48EA-96F2603F7FB01D8B},1103,2003-09-06,08:20:00.000000,Gate 9,7337
{84BC9429-943E-4F84-999F1C27A0BA53E2},2104,2004-10-02,08:53:00.000000,Gate 6,7602
{84FB5212-9B6B-40F8-BF8854986FB89F54},013_20,2020-12-31,08:47:00.000000,Gate 7,4353
{8513EB03-033B-4E3F-AA44E9A582FDC0B7},0113,2013-01-17,08:50:00.000000,Gate 6,6329
{85A33258-48C4-4E5A-9A80A3F1C6547386},006_22,2022-02-11,09:52:00.000000,Gate 5,4352
{86589ECB-D7D6-42D9-8E060930ED9CF9A7},0106,2006-02-17,09:18:00.000000,Gate 9,12244
{86E40563-8B43-4BA3-98BD40D9B20BAC25},1703,2003-10-11,09:00:00.000000,Gate 4,6936
{87394E2E-9A4D-4298-B78A350B135FCA88},0204,2004-01-25,08:22:00.000000,Gate 8,7502
{8739F3B4-D3C8-46F3-8E4844C36CBBB304},1504,2004-09-02,08:35:00.000000,Gate 2,8363
{875B9DDC-A9EE-4582-B18390E4C2C34919},0104,2004-01-19,10:04:00.000000,Gate 8,9839
{876ACC09-0ACA-43C6-A386E00E25CFA508},010_19,2019-11-15,10:26:00.000000,Gate 1,5109
{87B9324B-C14E-43B7-B5569AC5C70000E6},006_22,2022-02-11,08:44:00.000000,Gate 7,4352
{88AF91D1-18F3-4B4C-B05F011C3EFA2472},0205,2005-02-02,08:51:00.000000,Gate 3,7519
{88F7C084-5761-4DA0-8EE3CA152B0E9563},0805,2005-10-05,08:48:00.000000,Gate 5,8693
{89524845-1407-4414-BFF74FA8D875F6F4},0107,2007-01-23,09:24:00.000000,Gate 8,6224
{8955A9FA-E48C-44D9-BFF97AC6E9A0AF5A},1003,2003-09-05,08:50:00.000000,Gate 1,7966
{89C59C1B-A6AD-498B-9908E95B7F96E169},0605,2005-04-03,08:47:00.000000,Gate 5,7787
{8A4D0F36-A981-4FD9-9A4D0231797A3C72},001_19,2019-08-28,11:51:00.000000,Gate 8,10322
{8A8CA651-2C8F-4567-9BF4263DB7957D05},005_19,2019-09-17,10:20:00.000000,Gate 8,8587
{8AAFF292-1E6C-448E-AD5ECC891CE9A82A},0307,2007-02-07,08:50:00.000000,Gate 6,6014
{8B69EF5F-BA84-4A13-AEECDCADE7C62D8D},005_21,2021-10-01,11:55:00.000000,Gate 1,7325
{8B7F71B2-58CF-43BA-A6F58E815168CE6C},1113,2013-12-23,09:00:00.000000,Gate 7,4277
{8B96F844-C37E-423C-94C7A8E4E4955634},004_22,2022-01-28,10:14:00.000000,Gate 8,4695
{8C585A6E-710E-4A8A-B498EADEC246BBEA},0507,2007-03-03,09:10:00.000000,Gate 6,7829
{8D2E7592-522A-455E-BB75455C372DD014},0407,2007-02-17,08:26:00.000000,Gate 2,7208
{8DE61696-F47E-41CA-929FC6BC423F1060},001_22,2022-01-14,11:28:00.000000,Gate 5,5487
{8E301849-359A-4CBF-B800B7A0BCA31F00},003_16,2016-02-14,08:19:00.000000,Gate 8,5638
{8E40A532-3372-4807-A99EEA1627C6C1F3},0207,2007-01-30,08:22:00.000000,Gate 6,6079
{8E68672F-F057-44F7-9CD02F0165DFFDFB},006_20,2020-09-18,09:57:00.000000,Gate 7,7027
{8EAC1F7B-55BD-49A0-BCEC3EE75D3F6463},004_20,2020-02-12,08:07:00.000000,Gate 6,6151
{8EC06F10-B9B4-4669-8A3F76B87D221361},1404,2004-06-16,08:35:00.000000,Gate 11,14121
{8EC14A43-B4BD-44AC-8262A631B3BC467B},0214,2014-02-05,08:38:00.000000,Gate 6,4351
{8ECA75C6-40E0-41AD-86F49CD38D84A2A9},1904,2004-09-24,09:31:00.000000,Gate 2,8799
{8ECDF8B3-F75E-486D-A67B2F0D7F9C0DC3},0204,2004-01-25,08:47:00.000000,Gate 6,7502
{8FA60BAD-7DEC-4C4E-94A1B62419E105DA},0214,2014-02-06,10:25:00.000000,Gate 6,4317
{903756B8-E44D-4A79-950D30CC0DDBF6A4},003_18,2018-10-19,12:49:00.000000,Gate 8,7697
{90866FE3-0F57-46EA-8E7838A08331C024},0411,2011-02-14,08:28:00.000000,Gate 6,5255
{9161227D-61F3-429D-AC2766508BCE4581},0203,2003-02-07,09:20:00.000000,Gate 11,10526
{91775F86-9E45-4C5B-8036F1476F1DD297},0703,2003-03-07,08:55:00.000000,Gate 11,7610
{91B42625-B4F9-46C6-8B4CD946503949DD},1113,2013-12-24,09:54:00.000000,Gate 8,4309
{921F669D-F529-4EC4-AD64881699D30C12},002_16,2016-02-10,08:21:00.000000,Gate 8,6078
{9314C647-3BA1-4F7D-A653F5EFA1855094},0315,2015-02-04,10:19:00.000000,Gate 7,4574
{93415249-4FF8-4327-BC7FD73E5137D06F},002_16,2016-02-10,09:21:00.000000,Gate 7,6078
{937D4284-5DFA-4CB0-B6D2958A9C7A2F3F},0113,2013-01-19,09:42:00.000000,Gate 7,6281
{93ED9C24-2798-47CF-B1A741A4F00A99CE},013_20,2020-12-31,10:00:00.000000,Gate 5,4353
{941CDEDC-5B5D-4529-96E3E3C9B6ADFB4C},0508,2008-02-29,09:34:00.000000,Gate 6,7619
{9428BD20-92A7-4207-9707FF3961CF44DD},0209,2009-02-07,09:43:00.000000,Gate 8,4245
{9479802F-F802-40E9-8DE1575796DDAE05},012_20,2020-10-21,08:41:00.000000,Gate 8,5699
{94BF674D-B36E-44AC-AF3F58E758F5385F},1204,2004-05-27,08:23:00.000000,Gate 11,9617
{95C988D3-784A-4512-9FBE93607D646787},0604,2004-02-14,08:37:00.000000,Gate 5,7668
{95F2CA65-BE33-421A-8F2CCF7EF21AD65D},0505,2005-03-14,10:01:00.000000,Gate 6,6399
{960C3B47-5D03-490B-8395D7D0AC9FF4C9},0905,2005-10-14,08:43:00.000000,Gate 5,8713
{9712E204-34D4-4E3A-BB013C8CBD431533},1303,2003-09-24,08:40:00.000000,Gate 8,7936
{9744A9BB-E671-4AD8-B1FAD68283A68B15},006_19,2019-09-25,11:57:00.000000,Gate 1,8156
{9848C4DC-78A9-4863-B8BA4C5D7B8457C6},0302,2002-08-21,06:44:00.000000,Gate 7 E,10372
{99229ABC-115F-47F1-A93AD06F92F1EFF4},0408,2008-02-21,09:23:00.000000,Gate 3,5632
{998CADB6-4AB1-487E-A9CF9B3B6F0697A2},0112,2012-01-31,09:40:00.000000,Gate 6,6009
{99B1984F-35F2-46E5-87FF9C5D6C12526E},0102,2002-06-29,07:36:00.000000,Gate 6 W,13613
{9A64C4C6-3FCC-4399-A25FB9DA64C1B4F1},004_18,2018-12-29,10:57:00.000000,Gate 8,5751
{9AC6C72D-A5E5-4D02-A6D20B5BCD9C34F8},005_18,2018-12-31,11:11:00.000000,Gate 8,5592
{9AFAFD54-9633-4DC7-B9088BC1800ACB8B},0405,2005-03-11,08:38:00.000000,Gate 5,6658
{9B580B30-F33C-4CD5-BDF6C69F316453AE},007_20,2020-09-23,09:13:00.000000,Gate 8,6797
{9B797BFF-7ADC-4236-922D8E8E6C60DDB1},0704,2004-03-15,10:13:00.000000,Gate 3,14275
{9B91D849-3D37-4AB2-9743D65FF82D3979},0604,2004-02-14,08:59:00.000000,Gate 8,7668
{9D4D8C46-9B56-455C-84282F2C37A147C7},006_19,2019-09-25,08:24:00.000000,Gate 6,8156
{9D7FD3F7-B0EF-4692-92B4DA172774BBEC},003_18,2018-10-18,09:46:00.000000,Gate 7,7766
{9D9C820D-4A03-440A-A7557A98E915954C},001_18,2018-10-10,09:34:00.000000,Gate 8,7668
{9E06C465-C82D-473F-B2D654A505AFE593},22,1999-06-24,06:12:00.000000,Gate 1,12337
{9E20CE46-3C59-4712-BCC7B3D480E4D831},009_20,2020-10-01,08:28:00.000000,Gate 5,6905
{9E4D4083-E281-4FC9-BC8127EB9BE7F013},0109,2009-01-26,09:30:00.000000,Gate 6,5617
{9E979472-AF34-43AE-B57F621909FCF84B},1204,2004-05-28,08:19:00.000000,Gate 11,10698
{9ED53318-0E58-4103-9D04DA71A2D9B0AC},1503,2003-10-02,08:32:00.000000,Gate 6,7457
{A14439AE-96D7-4764-B62CA760DD953A7A},1504,2004-09-01,09:50:00.000000,Gate 1,8818
{A1E640DA-EF5D-49D7-BBF156EA1AD7DB06},0107,2007-01-23,10:00:00.000000,Gate 2,6224
{A30391E5-0103-459C-B8A7B0EC084A51A4},001_22,2022-01-13,09:32:00.000000,Gate 1,5595
{A305946F-5498-4DF5-968D552786D83102},0302,2002-08-21,06:38:00.000000,Gate 6 W,10372
{A35215F4-9AA9-464B-9898FB4195E45A7C},0713,2013-02-23,09:06:00.000000,Gate 3,5237
{A3686C14-0DEB-4ADA-8DC8A9AA0205B049},0408,2008-02-22,09:38:00.000000,Gate 8,6469
{A43DBBC0-0D76-4DCE-BB4DA591F5F088A7},0311,2011-02-02,09:47:00.000000,Gate 8,5836
{A50657F9-AE33-4FB9-AA94572EB679FC99},0305,2005-02-11,09:50:00.000000,Gate 8,5993
{A5375D60-D91C-46EB-8F76756D4C48DDE3},0913,2013-03-04,10:02:00.000000,Gate 3,4965
{A5FF9C89-3E09-4FF7-9801828ACE935CD7},1704,2004-09-18,08:28:00.000000,Gate 8,9167
{A66E701A-2BD5-4BEC-9B8DF65D34D326E8},1904,2004-09-24,08:51:00.000000,Gate 6,8799
{A688A1FA-B171-4A72-838467D0A9BDF7CB},1404,2004-06-16,10:11:00.000000,Gate 1,14121
{A722B5A7-1B1B-4720-ADE67BC36AA318C5},006_22,2022-02-11,08:50:00.000000,Gate 1,4352
{A78FBF59-70BE-46CD-AE471A7E6D844E59},1404,2004-06-20,09:27:00.000000,Gate 1,14560
{A791DCA2-2217-4061-85E22341D681FD4F},1104,2004-05-19,08:32:00.000000,Gate 11,9340
{A7A82A22-1B5A-42D7-90F492F485D276CC},0113,2013-01-17,08:24:00.000000,Gate 3,6329
{A7F070A7-D48F-4CE0-85CF3EF63CC8F88D},0305,2005-02-13,08:12:00.000000,Gate 3,5893
{A8F79479-AEC2-4E96-B71961DFE8EFFF8D},0111,2011-01-21,10:44:00.000000,Gate 7,8980
{A9073D85-3683-487B-A6043DFE71C81B04},1104,2004-05-19,08:45:00.000000,Gate 10,9340
{A9213AE0-C2B4-4C43-BF0F25DA03237C18},0508,2008-02-29,09:50:00.000000,Gate 8,7619
{A93FABA9-D32A-4F14-8541C8A260A0F690},1904,2004-09-24,09:11:00.000000,Gate 4,8799
{A95D73F5-DE56-40F1-94AE35B81EAFBAAF},0405,2005-03-11,08:49:00.000000,Gate 6,6658
{A993056E-97D4-48CF-98D5A2CD3F580AED},002_21,2021-02-11,11:02:00.000000,Gate 5,4244
{A9EE4D6D-5570-4C97-A3964D9717CBC2EC},013_20,2021-01-01,08:36:00.000000,Gate 6,4332
{AA5F6E67-4A30-4EBF-8D8EABF190A4EEB6},0205,2005-02-02,08:36:00.000000,Gate 6,7519
{AA82FAC2-3AEC-45CC-B0A417EA7B2E749D},0207,2007-01-29,09:30:00.000000,Gate 2,6178
{AABEBE3D-82E1-42EE-ADFEAE2B4A753927},0813,2013-02-27,09:56:00.000000,Gate 8,4973
{AB32B073-9107-4F5B-B30DC2D6D3D31474},003_20,2020-01-30,13:00:00.000000,Gate 1,8205
{AB5D0C94-5845-41B7-9C44067F641D58C7},1104,2004-05-19,09:26:00.000000,Gate 1,9340
{AC20A86B-801F-4424-84CBA6B2DBE3A519},0111,2011-01-24,20:00:00.000000,Gate 8,7895
{AC23FAC7-A0D7-4BD8-BC1C2AC97F6C5F88},1404,2004-06-17,08:39:00.000000,Gate 11,14549
{AC4E8ED9-60FF-40DA-A754EF32525752DA},001_16,2016-02-04,09:41:00.000000,Gate 7,8394
{AE94676A-EE84-41B8-8583A3B4E9739A70},1113,2013-12-23,09:53:00.000000,Gate 6,4277
{AEA75CC2-F19D-4D01-956CB51540A7CCF2},001_21,2021-01-21,10:20:00.000000,Gate 7,4035
{AEB8CC95-470A-445C-9915927692EA0219},0105,2005-01-24,08:58:00.000000,Gate 5,6468
{AED24965-3D87-44CE-AC94D4353140781D},1404,2004-06-18,10:27:00.000000,Gate 1,14936
{AEEAEE2D-A6C4-4756-A46A1B2112B5A5F3},1503,2003-10-03,08:49:00.000000,Gate 7,7472
{AF449F9A-331A-4401-8D41728864008EB0},002_22,2022-01-21,11:03:00.000000,Gate 5,5018
{AF929439-5477-48BF-9B89F6A1C35A24E9},002_19,2019-09-04,13:36:00.000000,Gate 1,9795
{B032121D-8D65-474D-B5B4AC0E55E175AA},0307,2007-02-06,09:11:00.000000,Gate 8,6004
{B07D6085-3848-428D-8EB717D350443F3D},0311,2011-02-03,11:15:00.000000,Gate 6,5731
{B10058FE-B5D5-4C22-A0E8A4D471F7CAEE},0308,2008-02-15,09:01:00.000000,Gate 8,6113
{B1385A47-8D23-4E85-B75BB07D5F74041D},0212,2012-02-05,09:15:00.000000,Gate 6,5230
{B182F945-7EAA-4BA8-9893F8599F9475D6},0211,2011-01-27,11:55:00.000000,Gate 3,6778
{B1972E02-CD20-4FFC-98CF27579B54D87D},004_20,2020-02-12,09:48:00.000000,Gate 8,6151
{B21D19D1-7134-45BD-A2C9CE6A34E80933},0312,2012-02-17,08:37:00.000000,Gate 3,5533
{B281867A-451B-426C-9C5EBFAFE3E81DA2},003_19,2019-09-06,12:59:00.000000,Gate 1,9287
{B2C1CCB0-6D33-44D4-B99A52FECEBBF9A2},1603,2003-10-07,08:50:00.000000,Gate 7,7471
{B2CBA58F-D9C6-4E11-980ECC686E1A4DDC},1904,2004-09-24,08:24:00.000000,Gate 8,8799
{B2EC36DE-DEAC-4500-8DE08B87AC33C0C5},002_22,2022-01-21,10:30:00.000000,Gate 8,5018
{B4C09DF4-3E7F-4D72-8DB1D222FB9C74A5},008_20,2020-09-25,10:10:00.000000,Gate 8,6789
{B4CBC3A1-80DF-4A7B-B8BDCE6AA9BC8700},0407,2007-02-17,08:50:00.000000,Gate 5,7208
{B50CA57D-037C-4D91-8185B62AE5AFA9BF},001_16,2016-02-04,12:09:00.000000,Gate 3,8394
{B555C9C4-7015-42FD-B18D1BF7E4DE72F3},003_16,2016-02-14,10:33:00.000000,Gate 6,5638
{B570A472-086D-4F91-B449791E9012A74B},0215,2015-01-28,08:17:00.000000,Gate 6,4485
{B5F400E4-8CAA-456A-9DF7BC067442BA4F},0108,2008-01-25,09:23:00.000000,Gate 6,6384
{B6181220-3FE4-4B7F-984F341D225C8A79},005_22,2022-02-04,12:02:00.000000,Gate 5,4499
{B6198435-F2AA-41CD-BFA69CB01ABCA3E5},1,1998-04-21,08:51:00.000000,Gate 2,14946
{B66BB41E-9594-476F-82A037F9AC527054},004_18,2018-12-29,09:47:00.000000,Gate 7,5751
{B66E1685-DC06-4198-A1D9F1C10EA0821A},0411,2011-02-12,08:37:00.000000,Gate 6,5328
{B6987F61-FCDB-4D0E-BCA56FCCF5197263},001_20,2020-01-11,10:00:00.000000,Gate 7,6987
{B6F1390F-36DC-4D8C-ADEC88AC96F77B25},005_20,2020-02-20,09:42:00.000000,Gate 7,5927
{B7073553-3FC9-4DCE-838EE69650AB64BC},0713,2013-02-23,10:31:00.000000,Gate 7,5237
{B7869571-A4A4-4029-885D9D5B68C82234},003_16,2016-02-14,09:22:00.000000,Gate 7,5638
{B79C1843-EB9F-43AA-A7D7C517104CF1E8},0603,2003-03-02,07:46:00.000000,Gate 2,8923
{B7F331B3-10F1-47DE-8BE8EC9038B7872E},002_20,2020-01-24,08:43:00.000000,Gate 8,7965
{B80D490F-C605-4636-B015690964B624B8},003_22,2022-01-25,09:44:00.000000,Gate 5,4862
{B97936BD-32D4-4E95-9229D727F9C47CCD},0107,2007-01-24,08:44:00.000000,Gate 6,6194
{B97A6CA1-D466-49A7-840A6B55D3237416},1304,2004-06-04,08:38:00.000000,Gate 10,10902
{BA185368-503B-4BFC-9D917D72DE6D8FD2},0102,2002-06-27,07:44:00.000000,Gate 6 E,14208
{BA8AAE06-1049-403A-96ECCE618848D2AB},0904,2004-04-29,08:34:00.000000,Gate 7,9448
{BABF955D-D59E-4801-A3C1055D88360172},007_20,2020-09-23,09:29:00.000000,Gate 5,6797
{BAECE5DF-F160-4A50-8EE557B1F7B94D26},0105,2005-01-25,08:15:00.000000,Gate 8,6478
{BAFE5133-0BFC-4BB6-A4937AA8F2BB114C},1013,2013-09-28,12:16:00.000000,Gate 8,6858
{BB2F7881-C14E-4B1C-82FCF277FEFCB155},1203,2003-09-10,08:48:00.000000,Gate 1,7030
{BB43D8AE-17E0-4132-A1C06DC4E7A6B9A4},1103,2003-09-06,08:40:00.000000,Gate 1,7337
{BB8FC4D7-4E15-4186-A21151380169E6E6},1304,2004-06-03,09:00:00.000000,Gate 1,10925
{BBFA0E56-AD8E-4391-9E75A2E34D4AB97E},0311,2011-02-02,10:36:00.000000,Gate 3,5836
{BC0E3901-5FC4-4DF7-A37C4C90F5BB19E3},0913,2013-03-04,09:54:00.000000,Gate 8,4965
{BC37798F-AAC6-4C86-A36A445A965EE1B3},0804,2004-03-25,08:44:00.000000,Gate 6,9398
{BC8ECD20-835F-41AF-B36AD0B9D36F05C4},012_20,2020-10-23,09:41:00.000000,Gate 5,5681
{BC964511-F7E5-46D8-A9412CB940C9C8B0},007_19,2019-10-02,08:35:00.000000,Gate 7,8135
{BCBE2314-D4D6-485D-AC47CE5D98637565},0209,2009-02-08,08:42:00.000000,Gate 5,4276
{BD184B76-C827-4FF5-B2884FF1005D6E9C},1013,2013-09-28,08:49:00.000000,Gate 6,6858
{BD6A7D34-B465-46F6-8177D45478764112},0308,2008-02-15,09:14:00.000000,Gate 3,6113
{BD976FA5-45AB-451A-AE30D0EF01B1FF1D},0803,2003-03-08,08:26:00.000000,Gate 5,7368
{BDA5EBCC-BF8B-4952-AF998C7B1F18EFCD},005_20,2020-02-19,10:18:00.000000,Gate 8,5903
{BE3500E7-7EC5-49FF-8F71AAC1F9AE616D},005_19,2019-09-17,09:44:00.000000,Gate 7,8587
{BEC50345-A10A-4A69-BC5924CF64979BEC},1304,2004-06-03,08:38:00.000000,Gate 2,10925
{C05436DE-46E9-421C-9E5171C75C50A563},1804,2004-09-21,07:55:00.000000,Gate 8,9447
{C10EB9BE-5C3C-4A14-A1F7A98A74134793},006_22,2022-02-11,11:06:00.000000,Gate 6,4352
{C18B940D-2308-4E5A-84C20B7B2DCF1F30},0905,2005-10-14,08:28:00.000000,Gate 2,8713
{C2D5A8E0-1755-4446-A026237651212FFE},004_22,2022-01-28,10:53:00.000000,Gate 5,4695
{C2FC66EE-CD4C-458E-A0DB0BF7E6AF0058},0207,2007-01-29,11:40:00.000000,Gate 8,6178
{C38EEB81-0B13-4935-B4FF9FD4BDB95954},1103,2003-09-08,08:44:00.000000,Gate 11,7181
{C3DBC909-2348-4DCC-BE3BE82B06EA58DF},002_21,2021-02-11,08:49:00.000000,Gate 6,4244
{C3E2215D-BFD7-4BE8-B6852D06E00FF320},0209,2009-02-06,08:37:00.000000,Gate 3,4132
{C4707294-5A84-47F2-9CAC9ECC33CBE5C3},0105,2005-01-24,09:16:00.000000,Gate 3,6468
{C51531CF-6855-44F0-BEB4E80D47CF7E74},012_20,2020-10-21,09:35:00.000000,Gate 5,5699
{C56B5B7A-2D16-449C-A14B52912496506E},003_19,2019-09-06,10:50:00.000000,Gate 7,9287
{C56F1C14-72FD-44D0-98D2EB0631D5F2E2},0607,2007-03-17,09:01:00.000000,Gate 6,6564
{C5997956-2F10-4BB8-AFA86ADD503D6A46},1104,2004-05-19,08:57:00.000000,Gate 2,9340
{C59DABA0-8796-49CE-B99982B98CD37482},1204,2004-06-01,08:55:00.000000,Gate 11,11525
{C5A5C0A6-FB6C-46FA-A532634AAAC9789D},0208,2008-02-08,09:45:00.000000,Gate 8,6797
{C6071EBE-6253-418D-B36574CBB0438785},1204,2004-05-28,08:39:00.000000,Gate 10,10698
{C6ECA064-921E-4DA3-9C1419D1A3A97369},0813,2013-02-27,10:30:00.000000,Gate 3,4973
{C6EDA0A3-6112-4ABC-BE4D2AD9F546F3C4},003_16,2016-02-14,11:28:00.000000,Gate 3,5638
{C703A915-222F-4C96-8058124FF7457A93},1703,2003-10-11,09:05:00.000000,Gate 6,6936
{C7596D39-9C2A-4EB2-B354E782AF8E27D2},1504,2004-09-01,08:27:00.000000,Gate 9,8818
{C85AC335-07FD-4CD6-8DAAAC09B8F8F469},1804,2004-09-23,09:00:00.000000,Gate 4,8867
{C873E5A1-3D5A-4E2C-8DA53C551C0916AC},0703,2003-03-05,08:33:00.000000,Gate 7,8118
{CAF74AC7-6C8F-419C-95915228477CE4A8},0106,2006-02-16,09:40:00.000000,Gate 2,12317
{CB3AC8BE-D2EB-417B-8152521F1C7BE1A9},002_22,2022-01-21,09:22:00.000000,Gate 7,5018
{CBA11028-DB77-4674-A9C6EE4327CA1135},0503,2003-02-27,07:41:00.000000,Gate 2,12156
{CBA15A09-6940-42CC-AD25166A0B381E66},1403,2003-09-29,10:28:00.000000,Gate 6,7902
{CC2CFC48-C295-4E99-9EA5EEEE87D35F6E},1804,2004-09-21,08:44:00.000000,Gate 4,9447
{CCA5C9AD-D08A-4666-9DEF9B84E6235BFD},003_20,2020-01-30,11:57:00.000000,Gate 8,8205
{CCB8AE5F-5D62-4789-A780334EF29A2E8A},0103,2003-01-29,08:08:00.000000,Gate 11,26673
{CD52B507-B97E-438B-8B94F10EECC4DE32},0203,2003-02-06,07:43:00.000000,Gate 11,11385
{CE9A17D6-B90E-4D22-BA7FA386BC0F3C82},0713,2013-02-24,08:58:00.000000,Gate 7,5209
{CEAC2B21-3D22-4B43-9EF98153E363F319},010_19,2019-11-15,08:19:00.000000,Gate 6,5109
{CEC65455-DE21-4E8F-BF5AE9414743764D},001_19,2019-08-28,12:02:00.000000,Gate 1,10322
{CF829281-EB7A-48C6-BF60D38A46DBC682},0904,2004-04-29,09:26:00.000000,Gate 3,9448
{CFAB9E54-24B7-49C7-B19C002FAFA4C964},0707,2007-03-21,08:53:00.000000,Gate 7,6506
{CFB00BC1-D15A-4707-99DE1E48CB49039E},0303,2003-02-11,17:26:00.000000,Gate 5,9301
{D0467765-B5F8-445B-821C93E6DEFFB3CE},0313,2013-02-02,09:11:00.000000,Gate 8,6436
{D058B1A6-4B7A-41BB-9CBB20828CDAE316},0604,2004-02-16,07:51:00.000000,Gate 8,7540
{D058FC6D-727D-4A17-BD98F847FB7BC3B8},0304,2004-02-01,08:14:00.000000,Gate 8,8751
{D05D4F62-B731-4FE1-895AA1DAAB34E8A9},0704,2004-03-15,11:08:00.000000,Gate 8,14275
{D0B77976-5F59-44A3-80A3C5E6E8062ECF},1204,2004-05-27,08:40:00.000000,Gate 10,9617
{D0FBED64-DF74-42D5-8055CC60FF832540},0412,2012-02-29,09:01:00.000000,Gate 7,5822
{D26CAD36-F6A9-4BF3-893140F32B54373C},1103,2003-09-06,08:08:00.000000,Gate 11,7337
{D3435730-B51F-40C5-87B4DE68F34C4271},008_19,2019-10-09,08:57:00.000000,Gate 7,6942
{D3840A9F-E63D-452C-99C9407DF5DA45CD},0102,2002-06-27,07:32:00.000000,Gate 7 E,14208
{D3B75720-DEFB-49C7-B4463DCC689E0AA7},008_20,2020-09-25,11:01:00.000000,Gate 5,6789
{D3E58750-F181-48DA-82D78CE000908ABF},0115,2015-01-21,09:32:00.000000,Gate 7,4759
{D40BF10F-BD88-44B9-B406E6A8D1189441},001_16,2016-02-04,11:24:00.000000,Gate 6,8394
{D46A37F4-4F6E-4302-91157A0C8FD2C0EF},004_20,2020-02-12,08:52:00.000000,Gate 7,6151
{D563A20F-8D7F-4551-ADBBB367FBE988AD},1803,2003-10-17,09:14:00.000000,Gate 7,7067
{D5C21B51-6D18-4B0C-BC6D8D303B798663},0411,2011-02-12,09:04:00.000000,Gate 7,5328
{D696F989-9611-4CE2-A7A40A759AFBFF69},0807,2007-03-25,09:00:00.000000,Gate 3,6210
{D6BFD932-71AB-4CEC-AEE572862AE58370},0413,2013-02-04,09:45:00.000000,Gate 3,6235
{D70A480B-DA4C-4B64-81FE44E9B3B330A6},008_19,2019-10-09,10:53:00.000000,Gate 1,6942
{D742B8CF-3295-4BDA-99D76F4B9425C825},005_20,2020-02-19,09:22:00.000000,Gate 7,5903
{D7589318-63E8-48B9-B40636EEB1F9D7C5},1104,2004-05-20,08:45:00.000000,Gate 10,9007
{D76AA8C2-92FF-46C2-812873E1AFC20030},005_20,2020-02-19,08:21:00.000000,Gate 6,5903
{D7C63D41-9616-4517-A15B5BFE0F57BF93},0112,2012-01-31,11:03:00.000000,Gate 8,6009
{D80CD78B-7E48-4F84-B2D5FD88E7551FCF},1403,2003-09-28,09:19:00.000000,Gate 6,7845
{D91169E3-A594-47BF-B80987967E20E728},003_18,2018-10-18,12:16:00.000000,Gate 3,7766
{D9DB6FD8-ED8F-4CDF-87D2D5FE9489F232},003_21,2021-02-18,08:20:00.000000,Gate 6,4800
{D9E27E52-DC69-4EFF-9DF561C4E9F066FD},005_21,2021-10-01,08:30:00.000000,Gate 6,7325
{DA3103D1-E385-4B90-81992643DEA049AE},0507,2007-03-03,10:27:00.000000,Gate 8,7829
{DB0D2BF8-F670-4C47-825D8BD5D01E57E4},0205,2005-02-02,08:20:00.000000,Gate 8,7519
{DB85B9D8-43D9-4D65-BA3D650E6DEC6DF5},0108,2008-01-24,09:17:00.000000,Gate 3,5416
{DBD57C72-2526-425E-A4A7DA884F63F9C6},001_21,2021-01-21,12:34:00.000000,Gate 5,4035
{DBF2D4E6-8EFA-419D-BBA7B9137696C097},0213,2013-01-24,08:32:00.000000,Gate 7,6522
{DC2545CE-7668-4887-ABC694A864EB782B},005_19,2019-09-17,11:09:00.000000,Gate 1,8587
{DC537AA2-79B8-4C3A-ACAD0100F6D0B183},010_19,2019-11-15,09:44:00.000000,Gate 8,5109
{DCBDA129-E467-48F2-BBCB2DC1425EAAF8},1404,2004-06-16,08:20:00.000000,Gate 10,14121
{DCFE9A90-F021-4C85-9795434603DA5F97},002_19,2019-09-04,12:29:00.000000,Gate 8,9795
{DDF1C554-E03C-4775-95003C4079BAA140},0102,2002-06-28,07:42:00.000000,Gate 6 W,14151
{DE56462F-434E-4AE8-BD469756F7F6FB61},1803,2003-10-16,08:40:00.000000,Gate 7,7048
{DEB5239F-A319-44C7-804B0A59C509AEEA},0603,2003-03-03,07:46:00.000000,Gate 7,8686
{DF73AEC0-A06D-4F18-A1F5D3061AD8A77F},204,1998-04-14,06:55:00.000000,Gate 1,14612
{E0827430-49CB-4DB3-A35015CF23A9A7A9},0603,2003-03-02,07:42:00.000000,Gate 11,8923
{E0E4D276-D698-4E84-9FD0842006EA5DAD},006_20,2020-09-18,11:16:00.000000,Gate 8,7027
{E14DE08A-55D5-489C-8546CDCF631481A5},007_20,2020-09-23,08:11:00.000000,Gate 7,6797
{E16C214F-AEF8-469D-AB02E46B37320F26},1703,2003-10-11,09:20:00.000000,Gate 8,6936
{E24AE3F7-B097-403B-A34698FB36AD16B4},0109,2009-01-24,09:25:00.000000,Gate 6,4165
{E2ECF414-888C-4B75-B700D99B585255C2},1604,2004-09-04,08:51:00.000000,Gate 9,8848
{E3439B2F-60CE-4D61-93BC709B2EC5BFF5},0513,2013-02-14,09:58:00.000000,Gate 3,5719
{E3639C7E-98F5-4677-AC8BA3A12B9CAB3A},0707,2007-03-21,09:16:00.000000,Gate 6,6506
{E380001D-8EA4-4508-B2902A7B616696AB},0607,2007-03-16,09:06:00.000000,Gate 8,6607
{E3BECAB2-1D9B-47EA-A7473834DF8B8D9A},003_21,2021-02-18,10:35:00.000000,Gate 5,4800
{E422C407-789A-4F97-A5947C0671F08585},003_21,2021-02-19,09:11:00.000000,Gate 7,4542
{E4306C1F-5514-4F8A-B59272611A1F3ABA},0613,2013-02-19,08:07:00.000000,Gate 3,5565
{E55DDF1D-8CE1-4B1C-A5261D826EC85EE0},0308,2008-02-15,08:32:00.000000,Gate 6,6113
{E5A347B2-598F-4514-9B2310195A74D6BF},0411,2011-02-13,08:30:00.000000,Gate 6,5229
{E6566CF1-302E-4C76-9A12271EA3916528},004_19,2019-09-11,12:19:00.000000,Gate 1,9152
{E6611C9F-BF2A-4873-8F2382B35CCAEC01},0705,2005-09-12,08:26:00.000000,Gate 2,8865
{E7AC97C0-A468-42EE-92F99AE8C13F0201},0807,2007-03-25,09:25:00.000000,Gate 7,6210
{E8B426F3-4B84-42B8-88585E24CBBFE0BA},002_18,2018-10-12,12:40:00.000000,Gate 7,7585
{E8F06C36-3FCA-40D3-AC9352C9A710B3AE},0107,2007-01-23,09:04:00.000000,Gate 6,6224
{E9715870-CA9C-487B-8FFB32184DBF33C6},0104,2004-01-19,09:09:00.000000,Gate 5,9839
{E9BB5344-86F0-4DD3-997E81F89EFE221D},1504,2004-09-01,08:05:00.000000,Gate 11,8818
{E9F8E3EC-FAD2-4113-9881598125775749},004_21,2021-02-27,08:04:00.000000,Gate 6,4007
{E9FD541C-8950-455E-A3416B5B2F872AF5},009_19,2019-10-23,14:51:00.000000,Gate 1,8766
{EA0645B5-20F2-4B5D-954523FCE2A76744},0713,2013-02-23,09:57:00.000000,Gate 6,5237
{EA419713-E052-4B9D-BBCEBCF8781D8178},0111,2011-01-21,11:47:00.000000,Gate 6,8980
{EA9139BF-93F3-4079-BFFBEBB6C3CF203F},1013,2013-09-29,08:12:00.000000,Gate 6,6762
{EAFAFBF0-BE77-4ECD-99F93E221A3EE1C2},003_20,2020-01-30,08:42:00.000000,Gate 6,8205
{EB0E2ED8-16D1-4BF3-ADDB20B75E537076},005_22,2022-02-04,10:34:00.000000,Gate 7,4499
{EB3385A2-84D3-4145-9F83CFF7067D938E},003_19,2019-09-06,09:21:00.000000,Gate 6,9287
{EB67BFC6-06B1-4159-BA9E2AE27CE4B674},1304,2004-06-03,08:16:00.000000,Gate 10,10925
{EC8AF3FE-84E6-4B80-B21597EB4BEF4CD5},1803,2003-10-16,08:23:00.000000,Gate 6,7048
{ED590077-79B9-4F4B-9F93244826111246},003_22,2022-01-25,08:48:00.000000,Gate 6,4862
{EE36C864-8D1D-4BA5-B63E82DCC281261E},0913,2013-03-05,11:24:00.000000,Gate 6,5252
{EF1A674D-00B6-4AB2-B194CA3530F54201},006_20,2020-09-18,12:19:00.000000,Gate 5,7027
{EF5AB730-78A8-4E76-91CF322989EEC3ED},2004,2004-09-28,09:16:00.000000,Gate 2,8426
{EF78DEAF-C0B8-432A-8B631BE3ECDE154B},0108,2008-01-25,09:55:00.000000,Gate 8,6384
{EFBF6963-EFD9-4793-95E83209740E3298},0605,2005-04-03,09:03:00.000000,Gate 6,7787
{EFFE32A6-67D7-4AA3-96E1B142E793A507},0315,2015-02-04,11:00:00.000000,Gate 8,4574
{F01461C5-B74D-4346-BB6D4F9BBE424E3F},004_20,2020-02-12,10:39:00.000000,Gate 1,6151
{F09928BA-BBCB-4525-881E21C60D9B9D00},1204,2004-05-27,09:00:00.000000,Gate 2,9617
{F099BB42-0064-4894-A382B9F2F6EF1385},0211,2011-01-28,19:59:00.000000,Gate 6,6534
{F118BD6C-113B-4B76-9E6FE268F01BE398},1703,2003-10-12,09:05:00.000000,Gate 6,6994
{F155F89F-C412-4C5B-834172D3F1B759CA},001_19,2019-08-28,10:33:00.000000,Gate 7,10322
{F2406153-4210-4282-B2A55434F282878E},1503,2003-10-02,08:39:00.000000,Gate 7,7457
{F344A3A9-25C7-4198-A7F3FB4D78F23444},0503,2003-02-27,07:48:00.000000,Gate 5,12156
{F37BD3E9-B7E9-4B9D-BEA4798DA704077E},0713,2013-02-23,11:05:00.000000,Gate 8,5237
{F3A1B57E-7C7D-4A20-9E111382A244F076},1704,2004-09-18,09:03:00.000000,Gate 6,9167
{F3B9301E-1239-4CC0-AFE6EE1B7E83B29D},0107,2007-01-22,08:12:00.000000,Gate 2,6247
{F4599F1E-EB25-4237-946DFF9D3A980AC3},0206,2006-02-24,09:30:00.000000,Gate 7,9392
{F45C5659-AE43-428F-B65B649B35F75F38},0107,2007-01-22,09:09:00.000000,Gate 6,6247
{F47BD83F-ADD1-4905-AE957CC66EE1E3BF},0507,2007-03-04,08:58:00.000000,Gate 6,7551
{F47CC526-BFEE-4282-AE08D4786A903AC8},1503,2003-10-02,08:29:00.000000,Gate 4,7457
{F4BCC47F-4126-408C-AD8798BA1A1605BD},0311,2011-02-02,11:55:00.000000,Gate 7,5836
{F566F451-FC51-44FE-AD0C90A557669855},0405,2005-03-11,08:19:00.000000,Gate 3,6658
{F56D2995-BBF8-4170-B2632134DED315CE},002_19,2019-09-04,10:44:00.000000,Gate 7,9795
{F570A890-EB4A-4C11-98A7753F72755EF1},003_21,2021-02-18,08:58:00.000000,Gate 7,4800
{F5973B95-1012-4B96-B999EEC6A8495F13},0404,2004-02-07,08:26:00.000000,Gate 3,10084
{F65F30EE-E3C3-424E-A6544C9B11DE8353},0504,2004-02-10,08:06:00.000000,Gate 3,8803
{F678B5EA-9062-4B7E-A0A700D79899BA83},0212,2012-02-05,08:38:00.000000,Gate 8,5230
{F69E55F5-879C-4F89-BBD09BB74B4A4D1E},008_20,2020-09-25,09:10:00.000000,Gate 7,6789
{F88EFFF2-417D-4678-8A65E48623A450B2},005_22,2022-02-04,09:26:00.000000,Gate 6,4499
{F8E2EB58-7176-4FDD-8D04447820067C5D},0904,2004-04-29,09:00:00.000000,Gate 6,9448
{F914CF87-5840-4141-87F03E6826B479FA},0202,2002-08-07,06:43:00.000000,Gate 7 E,13016
{F950AF00-FF1E-4023-926D292507F64BCB},007_20,2020-09-23,08:03:00.000000,Gate 6,6797
{F98567B6-41CF-4EFD-9A800EBAA9798370},001_20,2020-01-10,12:40:00.000000,Gate 1,7215
{F9C26F29-14DC-417E-B3443AA206431367},005_19,2019-09-17,08:59:00.000000,Gate 6,8587
{FA9EF2ED-2DD6-428F-B8BBA127A0EB6CAF},006_19,2019-09-25,09:33:00.000000,Gate 7,8156
{FB07169F-1DF2-47F0-A701D5B832A9A67F},0704,2004-03-15,10:50:00.000000,Gate 5,14275
{FB3E6651-D259-4CD3-9AD4E25EB4B54AEE},0109,2009-01-24,08:57:00.000000,Gate 5,4165
{FBA505B3-654B-42A3-92CAB70B385BCEAD},0315,2015-02-04,09:32:00.000000,Gate 6,4574
{FC7B84C4-6D66-41D2-9CB68174A9C776F6},0804,2004-03-26,09:54:00.000000,Gate 2,9087
{FCA87035-D041-44CA-AE206B5B46944183},0313,2013-01-31,08:45:00.000000,Gate 7,6580
{FCBCDDE7-A573-4421-A0F54BB46E3D33C4},0703,2003-03-05,08:28:00.000000,Gate 5,8118
{FCDD2B13-A965-4104-B211DF869E264D64},0207,2007-01-30,08:49:00.000000,Gate 4,6079
{FD15311E-B1FA-4DEF-B4C8F10D35A2C4E8},003_21,2021-02-18,09:55:00.000000,Gate 8,4800
{FD56C2C1-DF4C-4862-9D2DF3BC43C9799B},0805,2005-10-05,09:08:00.000000,Gate 6,8693
{FDA604F0-E95C-474D-B6B12C167EA65E60},1004,2004-05-05,10:25:00.000000,Gate 2,10557
{FDC72CD9-2827-45D6-8C448BB33DBE2C95},0213,2013-01-24,08:33:00.000000,Gate 3,6522
{FDD166BD-4181-4B26-8B1B5ABC1846DF4B},0104,2004-01-19,08:45:00.000000,Gate 3,9839
{FE962AD4-A745-456F-A65DB57888B528AE},0604,2004-02-15,08:18:00.000000,Gate 5,7546
{FF1B7CBB-56FA-4309-925B786756B290B4},004_21,2021-02-27,08:46:00.000000,Gate 7,4007
{FFCDFDE7-ED4A-4FC1-8DFA6A76E691D167},0603,2003-03-03,07:40:00.000000,Gate 2,8686
